id,nom,url_image,geo_lat,geo_long
1000,Havre de paix en forêt,https://images.unsplash.com/photo-1617067400320-af74e398d405?ixlib=rb-4.0.3&ixid=MnwxMjA3fDB8MHxzZWFyY2h8MTJ8fGNoYWxldHxlbnwwfHwwfHw%3D&auto=format&fit=crop&w=500&q=60,50.05760642434847,-71.00827924969651
1001,Le coucher paradisiaque,https://images.unsplash.com/photo-1588880331179-bc9b93a8cb5e?ixlib=rb-4.0.3&ixid=MnwxMjA3fDB8MHxzZWFyY2h8M3x8Y2hhbGV0fGVufDB8fDB8fA%3D%3D&auto=format&fit=crop&w=500&q=60,49.21593832541684,-71.31198303296864
1002,La forêt de la sérénité,https://images.unsplash.com/photo-1604601638406-edc29b54dcf7?ixlib=rb-4.0.3&ixid=MnwxMjA3fDB8MHxzZWFyY2h8Mnx8Y2hhbGV0fGVufDB8fDB8fA%3D%3D&auto=format&fit=crop&w=500&q=60,50.53006888980801,-73.25117139568482
1003,Le mélèze heureux,https://images.unsplash.com/photo-1588880331179-bc9b93a8cb5e?ixlib=rb-4.0.3&ixid=MnwxMjA3fDB8MHxzZWFyY2h8M3x8Y2hhbGV0fGVufDB8fDB8fA%3D%3D&auto=format&fit=crop&w=500&q=60,50.788322992539655,-71.51669113487925
1004,La colline chaleureuse,https://images.unsplash.com/photo-1576874748772-584aa2bee2d4?ixlib=rb-4.0.3&ixid=MnwxMjA3fDB8MHxzZWFyY2h8OXx8Y2hhbGV0fGVufDB8fDB8fA%3D%3D&auto=format&fit=crop&w=500&q=60,47.33243716816122,-76.43001263584675
1005,Le paradis du canoë,https://images.unsplash.com/photo-1617067400320-af74e398d405?ixlib=rb-4.0.3&ixid=MnwxMjA3fDB8MHxzZWFyY2h8MTJ8fGNoYWxldHxlbnwwfHwwfHw%3D&auto=format&fit=crop&w=500&q=60,47.28700078326969,-76.40780754845423
1006,Le gîte du sanglier,https://images.unsplash.com/photo-1588880331179-bc9b93a8cb5e?ixlib=rb-4.0.3&ixid=MnwxMjA3fDB8MHxzZWFyY2h8M3x8Y2hhbGV0fGVufDB8fDB8fA%3D%3D&auto=format&fit=crop&w=500&q=60,50.97649853679778,-71.3736337104661
1007,Le chant de la rivière,https://images.unsplash.com/photo-1588880331179-bc9b93a8cb5e?ixlib=rb-4.0.3&ixid=MnwxMjA3fDB8MHxzZWFyY2h8M3x8Y2hhbGV0fGVufDB8fDB8fA%3D%3D&auto=format&fit=crop&w=500&q=60,48.769934344331745,-75.87934925336319
1008,Les randonnées joyeuses,https://images.unsplash.com/photo-1617067400320-af74e398d405?ixlib=rb-4.0.3&ixid=MnwxMjA3fDB8MHxzZWFyY2h8MTJ8fGNoYWxldHxlbnwwfHwwfHw%3D&auto=format&fit=crop&w=500&q=60,48.06245171927793,-74.27600780744892
1009,Le paradis du pêcheur,https://images.unsplash.com/photo-1604601638406-edc29b54dcf7?ixlib=rb-4.0.3&ixid=MnwxMjA3fDB8MHxzZWFyY2h8Mnx8Y2hhbGV0fGVufDB8fDB8fA%3D%3D&auto=format&fit=crop&w=500&q=60,50.896616769726435,-75.15201211966068
1010,Les yeux de l’ours,https://images.unsplash.com/photo-1604601638406-edc29b54dcf7?ixlib=rb-4.0.3&ixid=MnwxMjA3fDB8MHxzZWFyY2h8Mnx8Y2hhbGV0fGVufDB8fDB8fA%3D%3D&auto=format&fit=crop&w=500&q=60,47.80604973837956,-74.00521006108622
1011,Changement d’altitude,https://images.unsplash.com/photo-1573652102907-b75d25910c11?ixlib=rb-4.0.3&ixid=MnwxMjA3fDB8MHxzZWFyY2h8MTF8fGNoYWxldHxlbnwwfHwwfHw%3D&auto=format&fit=crop&w=500&q=60,49.26346221136299,-71.20363389952163
1012,La brume joyeuse,https://images.unsplash.com/photo-1617067400320-af74e398d405?ixlib=rb-4.0.3&ixid=MnwxMjA3fDB8MHxzZWFyY2h8MTJ8fGNoYWxldHxlbnwwfHwwfHw%3D&auto=format&fit=crop&w=500&q=60,49.28718033417735,-78.9870179691288
1013,Le calme des sommets,https://images.unsplash.com/photo-1576874748772-584aa2bee2d4?ixlib=rb-4.0.3&ixid=MnwxMjA3fDB8MHxzZWFyY2h8OXx8Y2hhbGV0fGVufDB8fDB8fA%3D%3D&auto=format&fit=crop&w=500&q=60,47.86486632488395,-75.50936798114184
1014,La Montagne Majestueuse,https://images.unsplash.com/photo-1617067400320-af74e398d405?ixlib=rb-4.0.3&ixid=MnwxMjA3fDB8MHxzZWFyY2h8MTJ8fGNoYWxldHxlbnwwfHwwfHw%3D&auto=format&fit=crop&w=500&q=60,49.31759998671488,-72.70553102287141
1015,Le baiser du soleil,https://images.unsplash.com/photo-1617067400320-af74e398d405?ixlib=rb-4.0.3&ixid=MnwxMjA3fDB8MHxzZWFyY2h8MTJ8fGNoYWxldHxlbnwwfHwwfHw%3D&auto=format&fit=crop&w=500&q=60,49.24400877215288,-75.64961122662358
1016,Un été sans fin,https://images.unsplash.com/photo-1588880331179-bc9b93a8cb5e?ixlib=rb-4.0.3&ixid=MnwxMjA3fDB8MHxzZWFyY2h8M3x8Y2hhbGV0fGVufDB8fDB8fA%3D%3D&auto=format&fit=crop&w=500&q=60,49.36577147092715,-72.59702548110468
1017,Le bungalow des mirages,https://images.unsplash.com/photo-1576874748772-584aa2bee2d4?ixlib=rb-4.0.3&ixid=MnwxMjA3fDB8MHxzZWFyY2h8OXx8Y2hhbGV0fGVufDB8fDB8fA%3D%3D&auto=format&fit=crop&w=500&q=60,47.58618362565968,-71.96571903037777
1018,La charmante provençale,https://images.unsplash.com/photo-1576874748772-584aa2bee2d4?ixlib=rb-4.0.3&ixid=MnwxMjA3fDB8MHxzZWFyY2h8OXx8Y2hhbGV0fGVufDB8fDB8fA%3D%3D&auto=format&fit=crop&w=500&q=60,50.286491219814835,-71.51082636725987
1019,La perle marine,https://images.unsplash.com/photo-1573652102907-b75d25910c11?ixlib=rb-4.0.3&ixid=MnwxMjA3fDB8MHxzZWFyY2h8MTF8fGNoYWxldHxlbnwwfHwwfHw%3D&auto=format&fit=crop&w=500&q=60,49.83265582654573,-77.17905053697956
1020,Attrapez la brise,https://images.unsplash.com/photo-1570127828934-c60aa3e1e5af?ixlib=rb-4.0.3&ixid=MnwxMjA3fDB8MHxzZWFyY2h8MTR8fGNoYWxldHxlbnwwfHwwfHw%3D&auto=format&fit=crop&w=500&q=60,50.10826813425439,-76.95595326103897
1021,Le lac tranquille,https://images.unsplash.com/photo-1570127828934-c60aa3e1e5af?ixlib=rb-4.0.3&ixid=MnwxMjA3fDB8MHxzZWFyY2h8MTR8fGNoYWxldHxlbnwwfHwwfHw%3D&auto=format&fit=crop&w=500&q=60,49.470314831641815,-78.57210215872256
1022,Escapade lacustre,https://images.unsplash.com/photo-1588880331179-bc9b93a8cb5e?ixlib=rb-4.0.3&ixid=MnwxMjA3fDB8MHxzZWFyY2h8M3x8Y2hhbGV0fGVufDB8fDB8fA%3D%3D&auto=format&fit=crop&w=500&q=60,47.910141206368735,-71.30565590053203
1023,Le roi des pêcheurs,https://images.unsplash.com/photo-1604601638406-edc29b54dcf7?ixlib=rb-4.0.3&ixid=MnwxMjA3fDB8MHxzZWFyY2h8Mnx8Y2hhbGV0fGVufDB8fDB8fA%3D%3D&auto=format&fit=crop&w=500&q=60,47.94201516711215,-77.72253832231799
1024,Sur les rochers du lac,https://images.unsplash.com/photo-1604601638406-edc29b54dcf7?ixlib=rb-4.0.3&ixid=MnwxMjA3fDB8MHxzZWFyY2h8Mnx8Y2hhbGV0fGVufDB8fDB8fA%3D%3D&auto=format&fit=crop&w=500&q=60,48.89609768783566,-72.12745978746176
1025,Les pins qui chuchotent,https://images.unsplash.com/photo-1573652102907-b75d25910c11?ixlib=rb-4.0.3&ixid=MnwxMjA3fDB8MHxzZWFyY2h8MTF8fGNoYWxldHxlbnwwfHwwfHw%3D&auto=format&fit=crop&w=500&q=60,48.14324932125262,-72.47176099321962
1026,La rivière chantante,https://images.unsplash.com/photo-1573652102907-b75d25910c11?ixlib=rb-4.0.3&ixid=MnwxMjA3fDB8MHxzZWFyY2h8MTF8fGNoYWxldHxlbnwwfHwwfHw%3D&auto=format&fit=crop&w=500&q=60,47.00986837431274,-74.19300969816348
1027,Le loup bâtisseur,https://images.unsplash.com/photo-1617067400320-af74e398d405?ixlib=rb-4.0.3&ixid=MnwxMjA3fDB8MHxzZWFyY2h8MTJ8fGNoYWxldHxlbnwwfHwwfHw%3D&auto=format&fit=crop&w=500&q=60,47.01617193601396,-78.66993831111343
1028,Le repaire forestier,https://images.unsplash.com/photo-1604601638406-edc29b54dcf7?ixlib=rb-4.0.3&ixid=MnwxMjA3fDB8MHxzZWFyY2h8Mnx8Y2hhbGV0fGVufDB8fDB8fA%3D%3D&auto=format&fit=crop&w=500&q=60,49.867350648407054,-76.88037922045349
1029,La grotte de l’ours,https://images.unsplash.com/photo-1573652102907-b75d25910c11?ixlib=rb-4.0.3&ixid=MnwxMjA3fDB8MHxzZWFyY2h8MTF8fGNoYWxldHxlbnwwfHwwfHw%3D&auto=format&fit=crop&w=500&q=60,49.44648045283159,-77.2897165119093
1030,Le chant des lucioles,https://images.unsplash.com/photo-1617067400320-af74e398d405?ixlib=rb-4.0.3&ixid=MnwxMjA3fDB8MHxzZWFyY2h8MTJ8fGNoYWxldHxlbnwwfHwwfHw%3D&auto=format&fit=crop&w=500&q=60,47.621307953453154,-71.61731269848849
1031,Les vacances verdoyantes,https://images.unsplash.com/photo-1604601638406-edc29b54dcf7?ixlib=rb-4.0.3&ixid=MnwxMjA3fDB8MHxzZWFyY2h8Mnx8Y2hhbGV0fGVufDB8fDB8fA%3D%3D&auto=format&fit=crop&w=500&q=60,49.62868749231088,-75.78891330440044
1032,L’échappée Belle,https://images.unsplash.com/photo-1576874748772-584aa2bee2d4?ixlib=rb-4.0.3&ixid=MnwxMjA3fDB8MHxzZWFyY2h8OXx8Y2hhbGV0fGVufDB8fDB8fA%3D%3D&auto=format&fit=crop&w=500&q=60,50.605936114631255,-71.90893675804436
1033,Le Bonheur dans le Pré,https://images.unsplash.com/photo-1588880331179-bc9b93a8cb5e?ixlib=rb-4.0.3&ixid=MnwxMjA3fDB8MHxzZWFyY2h8M3x8Y2hhbGV0fGVufDB8fDB8fA%3D%3D&auto=format&fit=crop&w=500&q=60,50.827958352756184,-71.63142035667998
1034,Hauts les Coeurs,https://images.unsplash.com/photo-1588880331179-bc9b93a8cb5e?ixlib=rb-4.0.3&ixid=MnwxMjA3fDB8MHxzZWFyY2h8M3x8Y2hhbGV0fGVufDB8fDB8fA%3D%3D&auto=format&fit=crop&w=500&q=60,50.838340664238395,-71.12573319053163
1035,La Colline aux Coquelicots,https://images.unsplash.com/photo-1576874748772-584aa2bee2d4?ixlib=rb-4.0.3&ixid=MnwxMjA3fDB8MHxzZWFyY2h8OXx8Y2hhbGV0fGVufDB8fDB8fA%3D%3D&auto=format&fit=crop&w=500&q=60,50.63391278089181,-78.35277967094301
1036,Les temps heureux,https://images.unsplash.com/photo-1617067400320-af74e398d405?ixlib=rb-4.0.3&ixid=MnwxMjA3fDB8MHxzZWFyY2h8MTJ8fGNoYWxldHxlbnwwfHwwfHw%3D&auto=format&fit=crop&w=500&q=60,50.17226134039703,-74.98424840007279
1037,Un doux refuge,https://images.unsplash.com/photo-1588880331179-bc9b93a8cb5e?ixlib=rb-4.0.3&ixid=MnwxMjA3fDB8MHxzZWFyY2h8M3x8Y2hhbGV0fGVufDB8fDB8fA%3D%3D&auto=format&fit=crop&w=500&q=60,49.1193894024982,-76.04259665775696
1038,Mon nid d’Amour,https://images.unsplash.com/photo-1576874748772-584aa2bee2d4?ixlib=rb-4.0.3&ixid=MnwxMjA3fDB8MHxzZWFyY2h8OXx8Y2hhbGV0fGVufDB8fDB8fA%3D%3D&auto=format&fit=crop&w=500&q=60,48.766856496508886,-78.4514005329827
1039,Les souvenirs intemporels,https://images.unsplash.com/photo-1576874748772-584aa2bee2d4?ixlib=rb-4.0.3&ixid=MnwxMjA3fDB8MHxzZWFyY2h8OXx8Y2hhbGV0fGVufDB8fDB8fA%3D%3D&auto=format&fit=crop&w=500&q=60,47.53394677693872,-72.02458007624529
1040,Le Terroir Gourmand,https://images.unsplash.com/photo-1617067400320-af74e398d405?ixlib=rb-4.0.3&ixid=MnwxMjA3fDB8MHxzZWFyY2h8MTJ8fGNoYWxldHxlbnwwfHwwfHw%3D&auto=format&fit=crop&w=500&q=60,48.43761420608342,-74.43620643199813
1041,Voyage vers le Nord,https://images.unsplash.com/photo-1573652102907-b75d25910c11?ixlib=rb-4.0.3&ixid=MnwxMjA3fDB8MHxzZWFyY2h8MTF8fGNoYWxldHxlbnwwfHwwfHw%3D&auto=format&fit=crop&w=500&q=60,50.466051539266985,-75.7029482485249
1042,Retraite au coin du feu,https://images.unsplash.com/photo-1617067400320-af74e398d405?ixlib=rb-4.0.3&ixid=MnwxMjA3fDB8MHxzZWFyY2h8MTJ8fGNoYWxldHxlbnwwfHwwfHw%3D&auto=format&fit=crop&w=500&q=60,49.9747308286581,-77.36300822322886
1043,Reflets de Montagnes,https://images.unsplash.com/photo-1604601638406-edc29b54dcf7?ixlib=rb-4.0.3&ixid=MnwxMjA3fDB8MHxzZWFyY2h8Mnx8Y2hhbGV0fGVufDB8fDB8fA%3D%3D&auto=format&fit=crop&w=500&q=60,49.091609724489004,-77.54291788412739
1044,Le Requin Skieur,https://images.unsplash.com/photo-1588880331179-bc9b93a8cb5e?ixlib=rb-4.0.3&ixid=MnwxMjA3fDB8MHxzZWFyY2h8M3x8Y2hhbGV0fGVufDB8fDB8fA%3D%3D&auto=format&fit=crop&w=500&q=60,49.954677847395175,-73.82045902417995
1045,Ivresse des sommets,https://images.unsplash.com/photo-1576874748772-584aa2bee2d4?ixlib=rb-4.0.3&ixid=MnwxMjA3fDB8MHxzZWFyY2h8OXx8Y2hhbGV0fGVufDB8fDB8fA%3D%3D&auto=format&fit=crop&w=500&q=60,50.85195370298926,-77.0243432665171
1046,Perché dans les nuages,https://images.unsplash.com/photo-1588880331179-bc9b93a8cb5e?ixlib=rb-4.0.3&ixid=MnwxMjA3fDB8MHxzZWFyY2h8M3x8Y2hhbGV0fGVufDB8fDB8fA%3D%3D&auto=format&fit=crop&w=500&q=60,47.07599238489008,-71.67640033724994
1047,La Villa Bella Vista,https://images.unsplash.com/photo-1570127828934-c60aa3e1e5af?ixlib=rb-4.0.3&ixid=MnwxMjA3fDB8MHxzZWFyY2h8MTR8fGNoYWxldHxlbnwwfHwwfHw%3D&auto=format&fit=crop&w=500&q=60,48.706407727696956,-72.1814408352819
1048,La Villa du Nid d’Amour,https://images.unsplash.com/photo-1576874748772-584aa2bee2d4?ixlib=rb-4.0.3&ixid=MnwxMjA3fDB8MHxzZWFyY2h8OXx8Y2hhbGV0fGVufDB8fDB8fA%3D%3D&auto=format&fit=crop&w=500&q=60,47.22713098436035,-77.35778071697445
1049,La Villa des Souvenirs intemporels,https://images.unsplash.com/photo-1604601638406-edc29b54dcf7?ixlib=rb-4.0.3&ixid=MnwxMjA3fDB8MHxzZWFyY2h8Mnx8Y2hhbGV0fGVufDB8fDB8fA%3D%3D&auto=format&fit=crop&w=500&q=60,50.47864879750093,-71.73168622068192
1050,La Villa Dolce Vita,https://images.unsplash.com/photo-1588880331179-bc9b93a8cb5e?ixlib=rb-4.0.3&ixid=MnwxMjA3fDB8MHxzZWFyY2h8M3x8Y2hhbGV0fGVufDB8fDB8fA%3D%3D&auto=format&fit=crop&w=500&q=60,49.55411309675221,-72.43060375221161
1051,La Villa de la Charmante Provençale,https://images.unsplash.com/photo-1604601638406-edc29b54dcf7?ixlib=rb-4.0.3&ixid=MnwxMjA3fDB8MHxzZWFyY2h8Mnx8Y2hhbGV0fGVufDB8fDB8fA%3D%3D&auto=format&fit=crop&w=500&q=60,49.404446776945015,-73.66154669497847
