email,mdp,nom,prenom,type,adresse_no,adresse_rue,adresse_ville,adresse_prov,adresse_pays,adresse_cp
short789@tp2.com,2UwBrt9X,Amyot,Ely,client,132,Thérèse-Casgrain,Berthierville,QC,CA,V1F 7I6
staff859@tp2.com,okW6ehyM,McLean,Dana,admin,209,Antoine-Favreau,Amqui,QC,CA,Q8X 2O1
benefit153@tp2.com,tojow00o,Ferron,Aurelie,client,772,Cardinal,Rivière-Rouge,QC,CA,R0Q 9S1
she218@tp2.com,otzv8ztW,Loyer,Lexie,client,987,Chamberland,Blainville,QC,CA,R0V 3B3
base664@tp2.com,KqfMYJ0W,Gauvreau,Milana,client,798,Lajoie,Saint-Lazare,QC,CA,D2Z 7K8
high538@tp2.com,XP5nEdZ1,Guilbault,Luka,client,984,Alsace,Mont-Tremblant,QC,CA,P8C 5H6
pay718@tp2.com,36EeDWJH,Forcier,Ethan,client,936,Gauthier,Mont-Royal,QC,CA,C1I 3J1
seek11@tp2.com,Og16nSUS,Léonard,Eleanor,client,402,Champagne,Contrecœur,QC,CA,N8M 8L8
range385@tp2.com,I90kw22f,Awashish,Mila,client,257,Saint-Augustine,Bois-des-Filion,QC,CA,Q3Q 7P1
responsibility918@tp2.com,euD77TiD,Bleau,Malyk,admin,226,Jean-Marc-Blier,La Prairie,QC,CA,M8V 5G6
see82@tp2.com,PYf49hiU,Favreau,Matias,client,215,Lavallée,La Pocatière,QC,CA,S1Z 4N9
bed319@tp2.com,tfdrUXOQ,Guilbault,Kylian,client,313,Edmond-Hardy,Mont-Saint-Hilaire,QC,CA,U7D 5Z1
born960@tp2.com,IS9RfXsr,Thivierge,Morgan,client,625,Tremblay,Saint-Raymond,QC,CA,D8A 3D9
point502@tp2.com,vFASnqz0,Grégoire,Amy,client,764,Boisclair,Baie-D'Urfé,QC,CA,X5I 8F2
model717@tp2.com,gdugCEzE,Patel,Dario,client,446,Louis-Quilico,Rivière-Rouge,QC,CA,O3Q 5X9
soldier908@tp2.com,wLl0kzOb,Toussaint,Alexe,client,239,Fernand,Richmond,QC,CA,O9P 5M4
be573@tp2.com,UQrLvTvT,Bois,Bruce,client,1012,Pilon,Val-d'Or,QC,CA,F9L 1B1
quite963@tp2.com,0ncGz5ff,Plourde,Alexandre,client,952,Anémone,Sainte-Agathe-des-Monts,QC,CA,B6M 8I0
social102@tp2.com,V3VDCK34,Collin,Audrey,client,59,Gay-Lussac,Sainte-Marguerite-du-Lac-Masson,QC,CA,R2O 4M2
building706@tp2.com,w7Zumf2R,Thiffault,Cristiano,admin,298,Montclair,Desbiens,QC,CA,K5H 0L3
free798@tp2.com,GGH91uMl,Jobin,John,client,86,Moquin,Notre-Dame-des-Prairies,QC,CA,P7E 3D7
join753@tp2.com,kN0Rc3MN,Biron,Ashton,client,964,Mont-Royal,Beauceville,QC,CA,C3X 3T5
discuss385@tp2.com,8weyfMHI,Charpentier,Thiago,client,686,De Grosbois,Mont-Joli,QC,CA,H0B 5R9
high958@tp2.com,F8VCfMtQ,Nicol,Lyana,client,261,Bord-de-l'Eau,Montréal-Ouest,QC,CA,O2Y 5V3
learn592@tp2.com,h1XFwFSJ,Deschamps,Ayden,client,759,Sainte-Marie,Clermont,QC,CA,N8X 6W3
story362@tp2.com,SEAwUkHk,Perrier,Leyna,client,202,Meunier,Kingsey Falls,QC,CA,J9U 8A5
develop889@tp2.com,lpEUeGT3,Bertrand,Alexandra,client,97,Tourouvre,Sainte-Anne-des-Monts,QC,CA,P5D 2N3
small476@tp2.com,3FJYW5ZT,Boisjoli,Lina,client,681,De Grosbois,Dunham,QC,CA,K0V 2B6
enjoy251@tp2.com,VGO34MR8,Daneau,Ophelia,client,935,Robert-Guinard,Senneterre,QC,CA,K8E 5U5
message759@tp2.com,BTg4XbHZ,Lebel,Andrea,client,209,Christophe-Colomb,Saint-Lin–Laurentides,QC,CA,Z1M 3I5
arm852@tp2.com,QgLO4kha,Sauvageau,Idris,client,769,Saint-Malo,Varennes,QC,CA,N9R 2S0
next636@tp2.com,wXOKOnvh,Cardin,Alessio,client,7,Van Horne,La Pocatière,QC,CA,W6R 9Q5
cell112@tp2.com,TuYNR58X,Godin,Maeve,client,61,Meunier,Warwick,QC,CA,Z8S 0M6
land856@tp2.com,wiXkBSd5,Gougeon,Ryan,client,995,Santiago,Saint-Constant,QC,CA,W3Y 5G2
much385@tp2.com,ypRsCxrT,Éthier,Mae,client,734,Myrtilles,Rosemère,QC,CA,P9A 8V2
sell419@tp2.com,jAXDY3R6,Méthot,Jayce,client,638,Cormoran,Malartic,QC,CA,X8S 2C3
traditional631@tp2.com,SqpSo9vN,Dallaire,Eden,client,644,Messier,Sainte-Anne-de-Beaupré,QC,CA,H5T 0P5
nearly339@tp2.com,zxD40VLa,Poirier,Dania,client,663,Simon,Forestville,QC,CA,G5R 7J4
need930@tp2.com,SiLA9oQ5,Bougie,Yazid,client,807,Orchard,Amqui,QC,CA,B1C 1B1
surface199@tp2.com,bmT7wP7r,Caouette,Kira,client,481,York,Pointe-Claire,QC,CA,W0L 1P0
patient424@tp2.com,KdfFmypQ,Cantin,Alyssia,client,192,Lumen,Blainville,QC,CA,H8N 3R6
option51@tp2.com,xqrR5S5r,Milot,Malcolm,client,140,Jardin,Shawinigan,QC,CA,N8I 7K6
hit859@tp2.com,TeqRRCqL,Neveu,Mathilde,client,519,Mathieu,Saint-Lambert,QC,CA,U9Z 8F9
simple440@tp2.com,t0obU78H,Jean,Novak,client,563,Vikings,L'Épiphanie,QC,CA,T4C 8E1
win519@tp2.com,SLHAKKpa,Girouard,Aline,admin,36,De Saint-Pierre,Schefferville,QC,CA,D2M 8J6
major832@tp2.com,FMyq2tt1,Beauchamp,Milan,client,142,Diane,Gatineau,QC,CA,O5Q 8O6
lay204@tp2.com,6NFnO66l,Biron,Liam,client,268,Docteur-Chevrier,Montmagny,QC,CA,K9S 1J0
total259@tp2.com,vSMAAQIK,Bélisle,Lauralie,client,220,Ovide,Gatineau,QC,CA,Y7G 3Z7
majority698@tp2.com,lAbeI0aQ,Nantel,Zakary,client,51,Mère-D'Youville,Hudson,QC,CA,S6V 5A6
student514@tp2.com,gdugCEzE,Fillion,Alix,client,350,Boissy,Saint-Amable,QC,CA,A0J 8Q9
woman387@tp2.com,1LhjMr9C,Santerre,Killian,client,916,Sullivan,Sept-Îles,QC,CA,J9E 0X5
far503@tp2.com,coDmvsSL,St-Laurent,Lenny,client,332,Prévert,Shannon,QC,CA,Q7U 9C6
bad469@tp2.com,GGKCtXAi,Patry,Felix,client,623,Bourgogne,Saint-Colomban,QC,CA,R0K 9Z2
call286@tp2.com,RBfh8dCr,Martin,Riley,client,218,Schubert,Châteauguay,QC,CA,Z9Y 7T0
rest873@tp2.com,dVY2F6Y6,Émond,Dustin,client,653,Ormes,Saint-Raymond,QC,CA,W9N 3I0
measure904@tp2.com,CliRBNgc,Lavigne,Sarah,client,118,Fontenelle,Percé,QC,CA,G6D 2X1
fund516@tp2.com,V3VDCK34,Gélinas,Elia,client,247,Talon,Lac-Saint-Joseph,QC,CA,J5F 6Y4
my102@tp2.com,6aSkPQEa,Beaumier,Arnaud,admin,961,Stratton,Saint-Rémi,QC,CA,Z6A 8E8
eight539@tp2.com,BYFn2XPx,Lemay,Elyas,client,140,Aviation,Amos,QC,CA,O8W 8E9
manage101@tp2.com,NRt8Yems,Sergerie,Lukas,client,552,Nadeau,Acton Vale,QC,CA,K9D 9H6
process243@tp2.com,08aI3r4n,Mireault,Ismael,client,646,Prunelliers,La Tuque,QC,CA,M1I 2H4
skill949@tp2.com,VYWeCU47,Raymond,Jordan,client,333,Guérin,Warwick,QC,CA,T7M 0H2
produce151@tp2.com,R3BULYdR,Meloche,Penelope,client,991,Alphonse-Dulude,Victoriaville,QC,CA,H0Q 1A8
career854@tp2.com,4adzt1Xw,Fernandez,Aminata,client,36,Joseph-Vincent,Normandin,QC,CA,Y1J 8F3
nature687@tp2.com,IS9RfXsr,Proulx,Luca,client,104,Cherbourg,Saint-Bruno-de-Montarville,QC,CA,H8A 9U4
money276@tp2.com,5I6SaKem,Martineau,Aiden,client,341,Marie-Victorin,Rigaud,QC,CA,D8G 2A5
piece73@tp2.com,AyDiF7xm,Asselin,Finn,client,579,Louis-Jobin,Schefferville,QC,CA,A8E 2P2
any319@tp2.com,adLXwjAr,Dalpé,Charly,client,956,Tilleuls,Saint-Marc-des-Carrières,QC,CA,T1U 3T4
my102@tp2.com,tORoLJ08,Boulanger,Iyed,client,31,Renard,Windsor,QC,CA,C4V 6Z7
focus763@tp2.com,3U6xDygS,Rochon,Armand,client,549,De Tonnancour,Shannon,QC,CA,R4Q 3J9
toward831@tp2.com,YPIuyl5d,Morency,Yasmine,client,817,Marc-Aurèle-Fortin,Repentigny,QC,CA,S1K 9U1
sing849@tp2.com,AM6shVyJ,Renaud,Lewis,client,39,Lamarre,Saint-Honoré,QC,CA,Z2R 9E4
call333@tp2.com,0ZpOkSnl,Larose,Lyam,client,500,Newton,L'Île-Cadieux,QC,CA,K6X 8X8
future688@tp2.com,BYFn2XPx,Riverin,Philip,client,604,Pierre-Boucher,Westmount,QC,CA,H3J 1G1
recognize551@tp2.com,Q07zEb0X,Héroux,Matt,client,817,Petit,Saint-Colomban,QC,CA,Q1H 6F8
least484@tp2.com,O66b0h4T,Boilard,Angelina,client,824,Ulric-Dubois,Valcourt,QC,CA,H6Z 1L4
employee651@tp2.com,2u1noTTM,Lemire,Floralie,client,693,De Rigaud,Marieville,QC,CA,F1H 7W5
program183@tp2.com,pJSuqMHv,Laroche,Leyna,client,924,Argenteuil,Montmagny,QC,CA,W6O 6E6
race962@tp2.com,AsC14KNQ,Gobeil,Benjamin,client,725,Therrien,Saint-Joseph-de-Beauce,QC,CA,C7E 2T5
once600@tp2.com,KswbPilP,Gordon,Lily-rose,client,481,Judith-Sainte-Marie,Danville,QC,CA,T6Z 9K6
must816@tp2.com,Rn7qpQwS,Beauvais,Rafaelle,client,475,Des Groseilliers,Témiscaming,QC,CA,N5I 1L3
night763@tp2.com,ptlyjZe0,Métivier,Hendrix,client,631,Bruchési,Percé,QC,CA,D5H 6Z9
focus667@tp2.com,q28BJ84q,Bolduc,Maddox,client,366,De Noyon,Baie-Comeau,QC,CA,G2D 5V4
federal200@tp2.com,uog0vrlZ,Collin,Zackary,client,770,Boisvert,Lavaltrie,QC,CA,W5V 4U5
stop8@tp2.com,IS0Bjj4t,Fournier,Faigy,client,642,Charron,Marieville,QC,CA,X5N 5Q5
major832@tp2.com,l02S39eo,Brochu,Jasmine,admin,623,Boileau,Marieville,QC,CA,K7B 1U3
which704@tp2.com,vR4MdQNO,Young,Flora,client,459,Sainte-Marguerite,Grande-Rivière,QC,CA,J5K 1R7
performance431@tp2.com,asOpM4xs,Moisan,Louanne,client,660,Ménard,Maniwaki,QC,CA,M4Q 7G3
night51@tp2.com,HbQmRo1n,Veillette,Agnes,client,609,Fontainebleau,Forestville,QC,CA,D3P 3Z7
shake324@tp2.com,2UwBrt9X,Lamontagne,Philippe,client,76,Prince-Arthur,Lachute,QC,CA,J8G 5R4
commercial347@tp2.com,imkSxxKi,Lemoine,Esme,client,625,Saint-André,Rigaud,QC,CA,S8A 4O9
world821@tp2.com,ZvtZfqus,Morency,Maryam,client,696,Jean-Baptiste-Bau,Saint-Colomban,QC,CA,Y7S 7Q7
recently594@tp2.com,VRCyNevI,Quenneville,Nico,client,756,Écluse,Saint-Honoré,QC,CA,O6K 3K4
family449@tp2.com,OwEWFTUJ,Robidoux,Florent,client,902,Adélaïde,Varennes,QC,CA,R4O 9D1
side392@tp2.com,gXT8hOjc,Munger,Adeline,client,827,Baker,Pointe-Claire,QC,CA,Q2S 0E9
doctor329@tp2.com,2IPlFoef,Dugas,Lyana,client,330,Boulé,Richmond,QC,CA,P7T 3F5
enter126@tp2.com,YrNCcoM0,Valcourt,Abel,client,331,Limoges,Coteau-du-Lac,QC,CA,W4R 5D9
enter126@tp2.com,Mcg5CM9Z,Riverin,Ada,client,790,Plante,Contrecœur,QC,CA,T4X 1S8
suddenly652@tp2.com,XlqeksMQ,Fontaine,Inaya,client,993,Charcot,L'Ancienne-Lorette,QC,CA,T6Z 0M0
improve725@tp2.com,Q07zEb0X,Crête,Ania,client,20,Étienne-Brûlé,Notre-Dame-de-l'Île-Perrot,QC,CA,P1N 5I7
bring557@tp2.com,ZvtZfqus,Gougeon,Zayd,client,668,Pilon,Saguenay,QC,CA,K0O 3D5
agent454@tp2.com,7KN05FJv,Montreuil,Zak,client,796,Armagnac,Côte-Saint-Luc,QC,CA,Y7P 8B9
anyone774@tp2.com,AgJ5VuaA,Nguyen,Mikael,client,530,Alexandre,Pincourt,QC,CA,Q8G 6E0
sound316@tp2.com,i8Q7xLE5,Lalande,Georges,client,815,Frontenac,Bonaventure,QC,CA,E9M 2B7
unit175@tp2.com,dfJ0ssmI,Lacoste,Marine,client,229,De Niverville,Rivière-Rouge,QC,CA,U8Y 3E1
order375@tp2.com,LgPXyi7o,Lecours,Elie,client,935,Plante,Saint-Pie,QC,CA,Z4O 6K1
age123@tp2.com,tIvEUueP,Nicolas,Zackael,client,277,Place-du-Commerce,Forestville,QC,CA,F5O 5F0
determine926@tp2.com,uAKckALq,Barbeau,Gael,client,607,Empire,Gaspé,QC,CA,Y9X 0K2
pass451@tp2.com,nx5TdDwv,Morand,Cloe,client,213,Morency,Mercier,QC,CA,T2M 5U6
billion711@tp2.com,KyH1ALWy,St-Martin,Aria,client,822,Davis,La Pocatière,QC,CA,Q7K 1O5
number14@tp2.com,2k6gSxCj,Bigras,Eliane,client,696,Jean-XXIII,Fermont,QC,CA,N1B 1E4
sound316@tp2.com,h658l9Tk,Lafleur,Laurence,client,323,Rubaniers,Longueuil,QC,CA,O2D 9N3
store854@tp2.com,u7ch1B13,Quirion,Liam,client,140,Auclair,Delson,QC,CA,S2J 8H6
staff859@tp2.com,iAJfNrBq,Denis,Leila,client,941,Claude-Dauzat,Westmount,QC,CA,H1I 5Y9
data268@tp2.com,4P72LPrR,Caissy,Nicholas,client,734,Joseph-A.-Mantha,Saint-Pascal,QC,CA,H9U 5L6
newspaper949@tp2.com,F11EQ9ux,Chagnon,Ashley,client,254,Jules-Léger,Beauharnois,QC,CA,N8D 6H6
time744@tp2.com,AyDiF7xm,Chayer,Adriana,client,613,Marquette,Pohénégamook,QC,CA,R7U 4J6
product103@tp2.com,8Uo0OKia,Brisebois,Rania,client,996,Michel-Peltier,Fossambault-sur-le-Lac,QC,CA,A7U 3U7
thus454@tp2.com,h2NWbmav,Lapalme,Bella,client,87,Comte-De Frontenac,Saint-Charles-Borromée,QC,CA,M8G 3G4
quality951@tp2.com,iAJfNrBq,Savard,Mahdi,client,367,Gaston-Veronneau,L'Île-Cadieux,QC,CA,T0P 5U3
thing889@tp2.com,nflfvOdq,Albert,Kendrick,client,674,Condor,Montréal-Est,QC,CA,U0G 1W3
how957@tp2.com,m36ccRgU,Bolduc,Sofia,client,958,De Montizambert,Senneterre,QC,CA,A6I 9E8
too205@tp2.com,wQJNgRWJ,Plouffe,Norah,client,905,Meloche,Saint-Césaire,QC,CA,T2K 1H8
surface49@tp2.com,JPYG8QG6,Groleau,Raphaelle,client,430,Noyan,Notre-Dame-de-l'Île-Perrot,QC,CA,W6P 1W8
involve847@tp2.com,I11cCIT8,Chen,Ollie,client,938,Savoyards,Baie-D'Urfé,QC,CA,B9W 8P4
trial823@tp2.com,cJ0BZV1E,Tétreault,Kaylee,client,599,De Grosbois,Salaberry-de-Valleyfield,QC,CA,Y9J 6S7
over572@tp2.com,aVuIQi8s,Lemoine,Derek,client,884,Molière,Sainte-Marguerite-du-Lac-Masson,QC,CA,C6K 3S3
thank714@tp2.com,bgO1Med0,Couillard,Jaxson,client,118,Escale,Sainte-Agathe-des-Monts,QC,CA,C1D 0V4
material721@tp2.com,dnB0WWfr,Turgeon,Bianca,client,1021,Fabre,Warwick,QC,CA,Q2G 6L9
alone456@tp2.com,9NnWRThl,Lacharité,Grace,client,120,Bretagne,Rimouski,QC,CA,J7X 8I1
image512@tp2.com,9Pvj2jeo,Blanchette,Riyad,client,180,Malherbe,Fossambault-sur-le-Lac,QC,CA,V7B 5Y3
must891@tp2.com,li0Yblpf,Dussault,Elisa,client,125,Murdoch,Farnham,QC,CA,O2K 2H6
later596@tp2.com,tb7iJAXi,Roberge,Jeremie,client,821,Ivry,Notre-Dame-des-Prairies,QC,CA,U6N 6S7
there587@tp2.com,IBYB0DIZ,Diotte,Lilou,client,846,Pierre-Mercure,Montréal,QC,CA,T1X 4P5
free614@tp2.com,lulVcBJC,Poliquin,Adelina,client,865,Stratton,Fermont,QC,CA,M6N 0J1
process243@tp2.com,vr60Omfb,Murphy,Maxim,client,634,Campbell,Belleterre,QC,CA,L3E 3T4
plant120@tp2.com,rTid2LMe,Labranche,Nate,client,1000,Lorraine,Granby,QC,CA,K2O 0Y3
kill803@tp2.com,zQ9uqz13,Déziel,Cecilia,client,772,Louis-Dufresne,Lebel-sur-Quévillon,QC,CA,C2X 6G9
other304@tp2.com,16yVJlet,Mercier,Sebastien,client,271,Boyer,Beauharnois,QC,CA,F1R 8L1
win519@tp2.com,MDS9BObn,Blackburn,Will,client,100,Tisseur,Varennes,QC,CA,O9Q 6K0
tonight167@tp2.com,BV3W3xQ0,Ouellet,Elodie,client,841,Claude-Jodouin,La Sarre,QC,CA,L8D 2Y8
morning355@tp2.com,fDcj0kgI,Méthot,Roseline,client,101,Sapins,Danville,QC,CA,X5G 5E7
notice834@tp2.com,JHRJvYIh,Boilard,Melia,client,921,André-Charpentier,Rigaud,QC,CA,W3Y 4W5
military158@tp2.com,BvCuYgUt,Faubert,Adelaide,client,243,Turenne,Macamic,QC,CA,N0G 2R6
animal404@tp2.com,YXwYT9M9,Rioux,Ophelia,client,392,Vianney,Dollard-Des Ormeaux,QC,CA,N2K 0H0
part777@tp2.com,qEN3zBOo,Décarie,Maya,client,155,Le Chatelier,Amos,QC,CA,Z8Q 9N9
world821@tp2.com,VawTDnOJ,Turbide,Camilo,client,591,Raymar,Sainte-Anne-de-Bellevue,QC,CA,I3J 8H7
sure504@tp2.com,UERBdSBu,Lavallée,Josh,client,955,Dandurand,Sainte-Brigitte-de-Laval,QC,CA,Q3F 9O0
rich701@tp2.com,wCmCIrQk,Savage,Colin,client,556,Ottawa,Donnacona,QC,CA,R5P 7V1
alone420@tp2.com,gJVMtJk1,Lehoux,Evelyne,client,408,Empire,Fossambault-sur-le-Lac,QC,CA,S3F 9Z6
bed319@tp2.com,TMiXh57S,Gonzalez,Lyla,client,1006,Rouvière,Kingsey Falls,QC,CA,H5J 4F8
low490@tp2.com,7ej7L5BR,Migneault,Ava,client,573,Hillcrest,Valcourt,QC,CA,U3G 7N1
clearly889@tp2.com,K2LesutL,Pouliot,Nora,client,636,De La Vérendrye,Scotstown,QC,CA,B7Z 3N3
approach454@tp2.com,ZeOsKd9o,Dupré,Gisele,client,290,Joliette,Gracefield,QC,CA,T9Z 2W0
federal200@tp2.com,aVuIQi8s,Fortier,Alyce,client,913,Lionel-Groulx,Desbiens,QC,CA,L9B 1D1
address545@tp2.com,K2LesutL,Dumoulin,Mila,client,507,Lenoir,Huntingdon,QC,CA,C7B 7H5
have462@tp2.com,YxPlnZHN,Joseph,Eden,client,936,Regina,Saint-Amable,QC,CA,Z7S 9I2
someone154@tp2.com,KEHy0k8d,Li,Jimmy,client,220,Caillé,L'Île-Cadieux,QC,CA,F6B 6T9
compare586@tp2.com,OwEWFTUJ,Hubert,Magalie,client,899,Lautrec,Saint-Rémi,QC,CA,M2X 1T8
world675@tp2.com,oSws36K5,Gonthier,Raphael,client,533,Brahms,Sainte-Catherine,QC,CA,G0E 4Y0
race962@tp2.com,ZnKx73Q6,Théberge,Wesley,client,631,Guillaume,Dunham,QC,CA,G0B 0X3
n't523@tp2.com,QslJYKLM,McDonald,Naelle,client,488,Sénécal,Saint-Tite,QC,CA,R2O 6V4
family449@tp2.com,n0g8cxyd,Moisan,Kian,client,469,Taggart,Sainte-Marguerite-du-Lac-Masson,QC,CA,W3O 6E2
stand861@tp2.com,SbePQST4,Truchon,London,admin,483,Avignon,Berthierville,QC,CA,L4U 5V4
see82@tp2.com,hP3awydo,Dallaire,Megane,client,617,Versailles,Mirabel,QC,CA,W3U 8E9
almost731@tp2.com,3jQjPi05,Léveillé,Guillaume,client,972,Honfleur,Baie-D'Urfé,QC,CA,I9N 4M3
good773@tp2.com,7jjvi1sL,Lamothe,Ana,client,66,Pierre-C.-Le Sueur,Dolbeau-Mistassini,QC,CA,T6L 9W9
right912@tp2.com,FsE7cRQF,Laprise,Leila,client,37,Ottawa,Richmond,QC,CA,C2V 2K2
hand930@tp2.com,OtSgmEzv,Dumouchel,Zion,client,167,Tourterelles,Brossard,QC,CA,O3O 7N9
onto15@tp2.com,3MueWce8,Morin,Billie,client,419,Vermont,Saint-Gabriel,QC,CA,M4T 3O5
citizen148@tp2.com,kx7JBEjp,Damours,Celeste,admin,362,Thomas-Pépin,Donnacona,QC,CA,N5M 7T6
compare586@tp2.com,tb7iJAXi,Rancourt,Auguste,client,502,Province,L'Île-Perrot,QC,CA,F3R 6F0
our822@tp2.com,UBYOe8OX,Aubut,Nova,client,617,Charles-Goulet,Shannon,QC,CA,E7B 1B9
patient424@tp2.com,VawTDnOJ,Aubut,Timothy,client,908,Laflamme,La Malbaie,QC,CA,K5W 0Z6
family449@tp2.com,RyKWaYu9,Taylor,Nadine,client,945,Horsfall,Forestville,QC,CA,T4U 7Z2
enter909@tp2.com,JHRJvYIh,Allard,Malcolm,client,390,Manille,Mont-Laurier,QC,CA,K2M 4S2
she218@tp2.com,hTxcrFJR,Méthot,Dustin,client,227,Dover,Saint-Georges,QC,CA,B2K 8W2
develop889@tp2.com,h3G9L8m1,Poirier,Louis-felix,admin,314,Beaujolais,Amos,QC,CA,P2V 9R0
measure904@tp2.com,IPtPkd9a,Brouillard,Christopher,client,721,Fontainebleau,Kirkland,QC,CA,O2G 8I7
including200@tp2.com,yi8qSnCf,Métivier,Nadine,client,11,Racicot,Nicolet,QC,CA,G7T 0V4
check722@tp2.com,rCmRhjmG,Dubé,Nadine,client,276,Pease,Gaspé,QC,CA,X6W 8G3
director206@tp2.com,LB7nEp7M,Amyot,Liana,client,293,Autheuil,Saint-Joseph-de-Sorel,QC,CA,Y1O 3D3
single121@tp2.com,QEelGP56,Ferron,Jessy,client,573,De Verrazano,Estérel,QC,CA,Z3O 0Z9
clearly622@tp2.com,1TSv3Xfa,Fauteux,Ayden,client,511,Claude-Bourgeois,Princeville,QC,CA,E7J 5Y6
interview956@tp2.com,3EBwvqBF,Maillé,Stacy,client,914,Marc-Aurèle-Fortin,Nicolet,QC,CA,C3L 7O4
significant819@tp2.com,nflfvOdq,Vinet,Sam,client,210,Conefroy,Shawinigan,QC,CA,D2N 4A3
ok17@tp2.com,Iu3hwNRw,Gignac,Idriss,client,583,Homer,Saint-Joseph-de-Sorel,QC,CA,D0F 3T8
five875@tp2.com,go7TmbGS,Messier,Lilya,client,14,Petit-Bois,Lac-Brome,QC,CA,R1W 2X4
action939@tp2.com,MDS9BObn,Vinet,Ely,client,12,Talbot,Belleterre,QC,CA,W6P 9Q2
degree611@tp2.com,PQcRC4vV,Charron,Ryan,client,955,Parker,Ville-Marie,QC,CA,Q9C 3H1
others388@tp2.com,cPrLEoxk,Bérard,Julia,client,401,Claude-Jodouin,Laval,QC,CA,F0B 9Q2
reveal982@tp2.com,vBMSbZfj,Boily,Nate,client,66,Providence,Duparquet,QC,CA,I4J 3U5
cost129@tp2.com,i19Ki2Sf,Lafond,Alek,client,797,Lambert,Gatineau,QC,CA,J3L 4G9
rather755@tp2.com,mb3PfNhW,Meilleur,Anna,client,219,Vivian,Saint-Joseph-de-Sorel,QC,CA,E2E 6Q4
news669@tp2.com,JOohYmgr,Morissette,Emilie,admin,259,De Montesson,Magog,QC,CA,S8V 0T1
present225@tp2.com,QWH8l6wd,Legault,Layla,client,1012,Vallières,Mercier,QC,CA,L6R 9G6
hospital22@tp2.com,GBqqIYL3,Ratté,Tristan,client,156,Havre,Farnham,QC,CA,I9X 4W4
how191@tp2.com,EKTG3nIc,Montminy,Antonio,client,900,Françoise-Loisel,Charlemagne,QC,CA,O4T 5S3
board342@tp2.com,NlYeDCLA,Chrétien,Hamza,client,224,Denis-Véronneau,Duparquet,QC,CA,Z3J 9X8
goal963@tp2.com,oCS5SkN4,Chouinard,Eric,client,478,Le Breton,Sorel-Tracy,QC,CA,A6B 4C4
this856@tp2.com,obP7Utwc,Simoneau,Ian,client,934,Regent,Portneuf,QC,CA,V5W 5H5
thing201@tp2.com,t5TOkFIX,Duhamel,Erika,client,1013,Houde,New Richmond,QC,CA,K9I 1R3
south544@tp2.com,wv5D4auc,Bachand,Siena,client,282,Tamias,Hudson,QC,CA,M9A 9B5
they924@tp2.com,JOohYmgr,Verret,Maxim,client,129,Édouard-Charruau,Témiscaming,QC,CA,X0W 2S6
yet219@tp2.com,uraw7UUl,Therrien,Evie,client,773,William-Notman,L'Assomption,QC,CA,L4V 0P8
training300@tp2.com,MIKCytgr,Johnson,Alyssa,client,86,Oasis,Matagami,QC,CA,D1J 5T8
minute706@tp2.com,NRt8Yems,St-Georges,Lyana,client,335,Jean-Baptiste-Riendeau,Berthierville,QC,CA,G4X 9I1
officer315@tp2.com,pyNrUY99,Asselin,Marc,client,786,Nicolas-Perrot,Contrecœur,QC,CA,U9C 8E5
enjoy558@tp2.com,Ekdl3PfH,Larrivée,Hana,client,664,Champêtre,L'Assomption,QC,CA,U5C 7Q1
course494@tp2.com,JHRJvYIh,Mireault,Alexa,client,243,Hydrangées,Marieville,QC,CA,T3J 3L6
benefit565@tp2.com,Fz1XdNvT,Fleury,Rania,client,43,Léry,Saint-Jérôme,QC,CA,Z2N 1U5
seat246@tp2.com,vr60Omfb,Leboeuf,Timothee,client,47,Gascogne,Bonaventure,QC,CA,C6P 2F4
turn115@tp2.com,3U6xDygS,Brière,Lilou,client,346,Kensington,L'Île-Dorval,QC,CA,Q9L 9Y0
patient424@tp2.com,FMyq2tt1,Villeneuve,Flavie,client,465,Honfleur,Saint-Rémi,QC,CA,V4Z 6X3
painting979@tp2.com,6NFnO66l,Cyr,Amelya,client,611,Sydney,Saint-Tite,QC,CA,I0X 0M4
deep565@tp2.com,tORoLJ08,Bujold,Lyla,client,572,Costain,Salaberry-de-Valleyfield,QC,CA,H5X 8B6
rate525@tp2.com,ZR8ibvFv,Vermette,Augustin,client,325,Normandie,Malartic,QC,CA,F2Q 0R0
back769@tp2.com,AnMtNJBM,Bonin,Mederick,client,624,Lys,Candiac,QC,CA,L0B 1X0
world314@tp2.com,uDDBE3u2,Drapeau,Abigail,client,750,Renaud,Deux-Montagnes,QC,CA,V8Y 7L8
order375@tp2.com,5aFOzXEI,Samson,Viktor,client,1002,Goyer,Coaticook,QC,CA,P4Y 0E8
join753@tp2.com,uDDBE3u2,Davis,Ismael,client,985,De Bougainville,Louiseville,QC,CA,L8G 0V8
among200@tp2.com,TMiXh57S,Desfossés,Kayla,client,1002,Guy-Desgroseilliers,Warwick,QC,CA,Y4M 8K7
professor284@tp2.com,QImcZLO6,Savoie,Leah,client,227,Jules-Roches,Lavaltrie,QC,CA,A2I 9K7
this768@tp2.com,0NKN8wSj,St-Amour,Aly,client,621,Pellan,Saint-Césaire,QC,CA,X9M 5I3
reality455@tp2.com,Fno1a5aZ,Corbin,Jeremy,client,200,Duvernay,Saint-Basile,QC,CA,U6K 8Z6
fact432@tp2.com,5r3oFy7X,Gauthier,Rafaelle,client,930,Eiffel,Lac-Delage,QC,CA,Q5E 1P0
firm88@tp2.com,t5TOkFIX,Dasilva,Leon,client,801,Lea,Hampstead,QC,CA,L4F 4H5
finger621@tp2.com,05yNBtIg,Rochefort,Ari,client,162,Caillé,Montréal-Ouest,QC,CA,R1R 1D9
sing849@tp2.com,w49Xmeq8,Lalancette,Malick,client,337,Namur,Québec,QC,CA,A3W 6V1
administration376@tp2.com,JvKjU47f,Belhumeur,Jaymi,client,631,Roy,Stanstead,QC,CA,O2E 5C1
head174@tp2.com,BVUfFrgJ,Harvey,Ludovic,client,921,Salaberry,Drummondville,QC,CA,D0S 6J5
check699@tp2.com,6NFnO66l,Daigneault,Ayan,client,566,Monseigneur-Taché,Pohénégamook,QC,CA,D7M 4B3
theory78@tp2.com,rH5yQhg2,Pinard,Dante,client,935,Eugène-Héroux,Saint-Jean-sur-Richelieu,QC,CA,U3R 9H9
must816@tp2.com,IS9RfXsr,Aubin,Armand,client,45,Châteauguay,Saint-Bruno-de-Montarville,QC,CA,K6I 8Q1
finger621@tp2.com,qvQIhLtP,Lambert,Marianne,client,389,Duncan,Notre-Dame-des-Prairies,QC,CA,B9N 8A0
discuss340@tp2.com,0BsraZk2,Cossette,Sam,client,739,Sainte-Catherine,Daveluyville,QC,CA,A2K 7L2
performance431@tp2.com,z6D7RUVs,David,Alia,client,532,Lanivet,Rosemère,QC,CA,T0W 4S8
arm850@tp2.com,8twkD2Li,Riverin,Dalia,client,867,Chambly,Châteauguay,QC,CA,Q5T 8H6
forward460@tp2.com,uDDBE3u2,Brodeur,Emmett,client,449,Guillerm,Saint-Lazare,QC,CA,Q5P 2J3
religious311@tp2.com,TuYNR58X,Deschênes,Omar,client,92,Sancerre,Saint-Jérôme,QC,CA,C1I 4D4
design582@tp2.com,EyJeyZMQ,Bonin,Josephine,client,135,Alexis,Normandin,QC,CA,K1O 7Z8
according621@tp2.com,LEfq3ELm,Berthiaume,Estelle,client,11,Quevillon,Saint-Bruno-de-Montarville,QC,CA,T5Y 7B9
produce142@tp2.com,wuY6AJ0F,Quesnel,Malika,client,489,Comte-De Frontenac,Trois-Rivières,QC,CA,E6O 8T1
support465@tp2.com,Jdav8I6n,Tourigny,Esme,client,241,De Sorel,Val-des-Sources,QC,CA,V7H 1L8
foreign503@tp2.com,n0g8cxyd,Bossé,Ely-rose,client,296,Tracy,Sainte-Marthe-sur-le-Lac,QC,CA,W0R 0K5
race962@tp2.com,Pt49MxhT,Laflamme,Adam,client,191,Bellevue,Otterburn Park,QC,CA,A7N 6Q1
office397@tp2.com,160Qfu0y,Miller,Laura,client,185,Castello,Brownsburg-Chatham,QC,CA,A9P 9F3
none907@tp2.com,Ow7fgDfB,Boissonneault,Amy,client,238,Thurber,Léry,QC,CA,E2U 0R3
enter126@tp2.com,Ko8KgppJ,Rouleau,Travis,client,221,Joseph-Vincent,Saint-Jean-sur-Richelieu,QC,CA,O6A 1P5
south544@tp2.com,lPRoNFai,Miller,Kaiden,client,1015,Lemonde,Dollard-Des Ormeaux,QC,CA,Q9S 2I1
cancer334@tp2.com,lulVcBJC,Guimond,Elena,client,523,Merisiers,Sainte-Thérèse,QC,CA,X6Y 1M8
friend760@tp2.com,MiEutQW2,Petit,Julia,client,450,Longny,Montréal,QC,CA,E1Y 3Y7
discuss340@tp2.com,D2vUkqBw,Garneau,Novak,client,456,Jean-Béliveau,Causapscal,QC,CA,M6A 7R8
million925@tp2.com,MIKCytgr,Magnan,Anne,client,717,Cabral,Rivière-Rouge,QC,CA,X8J 6B5
bring557@tp2.com,eDn1U4R1,Beaudoin,Leia,client,301,Duhamel,Lachute,QC,CA,W7X 2Z2
commercial646@tp2.com,HX9tubCQ,Gendron,Leyla,client,376,Bocage,Sainte-Marthe-sur-le-Lac,QC,CA,O4V 3H3
guy253@tp2.com,BftRKRZj,Choquette,Scarlett,client,335,Trianon,L'Ancienne-Lorette,QC,CA,E3T 8K2
size843@tp2.com,zQ9uqz13,Lavergne,Malek,client,873,Kéroack,Waterville,QC,CA,Y0M 2J5
before717@tp2.com,ieblhKMX,Plourde,River,client,558,Ponton,Matagami,QC,CA,I2E 4K2
key34@tp2.com,2MxsdJsX,Goyette,Malek,client,855,Newton,Salaberry-de-Valleyfield,QC,CA,G2U 2E8
music430@tp2.com,8S3GMhZB,Babin,Athena,client,560,Jean-Talon,Prévost,QC,CA,Y7B 6K3
from272@tp2.com,muSRijlx,Montpetit,Rachel,client,636,Saint-François,Mercier,QC,CA,F0L 2I3
member183@tp2.com,H2nrHjvp,Falardeau,Finn,client,97,Rémillard,Pont-Rouge,QC,CA,D8H 1U7
trial316@tp2.com,V6BVMZbv,Adams,Ines,client,533,Marcille,Saint-Félicien,QC,CA,B8J 8F1
world459@tp2.com,2k6gSxCj,Bourgoin,Olivia,client,428,Pilon,Warwick,QC,CA,H4W 4G9
later596@tp2.com,JvyRWuKB,Duquette,Jade,client,992,La Ventrouze,Val-d'Or,QC,CA,F0H 0R5
indeed269@tp2.com,HcQGfyqR,Angers,Esmee,client,950,Pierre-Joffrion,Saint-Tite,QC,CA,W5I 8J8
mother828@tp2.com,bTHWKcXW,Baribeau,Iris,client,642,Mélèzes,Rigaud,QC,CA,A4I 9Z6
pain105@tp2.com,9j84cmdQ,Dunn,Elyana,client,869,Cabral,Westmount,QC,CA,K9F 5C4
put998@tp2.com,kEk8ZVvT,St-Jean,Mika,client,477,Oslo,Port-Cartier,QC,CA,L5C 8O8
appear166@tp2.com,n84DA2o4,Laviolette,Arnaud,client,981,Saint-Roch,Contrecœur,QC,CA,G9G 1T1
others388@tp2.com,GBqqIYL3,Scott,Ismael,client,150,Newbury,Sainte-Anne-de-Beaupré,QC,CA,C3Y 1B0
identify569@tp2.com,tIvEUueP,Duval,Claire,client,309,Jean-Paul-Lemieux,Ville-Marie,QC,CA,R8F 3B5
be573@tp2.com,3Q6vtusT,Caron,Ghali,client,211,Jean-Paul-Riopelle,Danville,QC,CA,W8Q 1J6
rise833@tp2.com,twMwj7BA,Bordeleau,Madeline,client,424,Liverpool,Baie-D'Urfé,QC,CA,Y5F 4X0
focus763@tp2.com,7KN05FJv,Sergerie,Jake,client,685,Deslières,Saint-Colomban,QC,CA,H0W 4E9
service999@tp2.com,oCS5SkN4,Boudreau,Donovan,client,429,Simard,Saint-Lin–Laurentides,QC,CA,F3Z 5J4
thing889@tp2.com,cGfnLFdG,Hervieux,Nora,client,378,Carillon,Trois-Pistoles,QC,CA,G3A 4O2
among200@tp2.com,LB6XW5YY,Verreault,Skye,client,350,Lacombe,Lévis,QC,CA,W2P 6J2
I941@tp2.com,SAZSmtEo,St-Denis,Naomi,client,639,Richard,Saint-Sauveur,QC,CA,Z3K 6P7
employee651@tp2.com,zxD40VLa,Nolet,Mackenzie,client,971,Escadrons,Dolbeau-Mistassini,QC,CA,K0E 1T0
down648@tp2.com,9MJi1K4x,Giroux,Alexanne,client,781,Arvida,Lebel-sur-Quévillon,QC,CA,J2E 8O8
century295@tp2.com,og1FQNWy,Rivest,Mavrik,client,650,Wilfrid-Pelletier,Saint-Jérôme,QC,CA,X2Y 5O3
period637@tp2.com,z6D7RUVs,Lajeunesse,Melody,client,505,Portage,Saint-Jean-sur-Richelieu,QC,CA,U1M 8T4
citizen101@tp2.com,UvC4vRiW,Auger,Florence,client,690,Dugas,La Prairie,QC,CA,V5O 9H0
challenge560@tp2.com,SbePQST4,Trahan,Sadie,client,740,Massena,Stanstead,QC,CA,L5F 0W7
race376@tp2.com,eVSmgAWu,Durocher,Hana,client,466,Stratton,East Angus,QC,CA,Q9K 7W6
board342@tp2.com,vtYrCp3T,Labrie,Mehdi,client,1015,Moquin,Saint-Joseph-de-Sorel,QC,CA,D3O 3X5
watch758@tp2.com,0bB1Mckx,Paiement,Noah,client,938,Maisonneuve,Dégelis,QC,CA,B3A 6Q5
member492@tp2.com,BTg4XbHZ,Lacasse,Jeremie,client,538,Thierry,Saint-Joseph-de-Sorel,QC,CA,X2Q 2U6
world675@tp2.com,UBYOe8OX,Boily,Jonas,client,514,Bélisle,Val-des-Sources,QC,CA,P7Y 7W6
present225@tp2.com,Zh7FB7rE,Desgagné,Damien,client,7,Pierre-Laporte,Sainte-Marie,QC,CA,K9J 9Y1
board693@tp2.com,9NnWRThl,Kelly,Thomas,client,382,Stratton,Malartic,QC,CA,O4M 6L4
win298@tp2.com,uH3R7LL5,Bourbeau,Antony,client,76,Mance,Baie-D'Urfé,QC,CA,P8T 5Y7
raise35@tp2.com,LgPXyi7o,Racine,Iris,client,636,Corbière,Sainte-Anne-de-Bellevue,QC,CA,N4U 2S8
long77@tp2.com,08aI3r4n,McLean,Haroun,client,930,Lareau,Amos,QC,CA,N6S 2Z2
child745@tp2.com,AMmd4W5T,Lelièvre,Violette,client,54,Sullivan,Châteauguay,QC,CA,B7S 9L8
fund250@tp2.com,goqOF8Qd,Faucher,Jasmin,client,225,Jean-Louis,Gracefield,QC,CA,Z3N 1K6
hospital22@tp2.com,6xjUtn3V,Grenier,Lauraly,client,245,Norvège,Saint-Raymond,QC,CA,Q6O 7J7
international763@tp2.com,Gbin92rA,Guénette,Charlie,client,140,Louviers,Drummondville,QC,CA,Q0U 2Q5
hand930@tp2.com,ICo8c2HZ,Cameron,Damian,admin,448,Houde,Montréal,QC,CA,O5Y 0C9
bit685@tp2.com,wQJNgRWJ,Plourde,Adelia,client,298,Prieur,Saint-Joseph-de-Beauce,QC,CA,I2W 5D5
decade237@tp2.com,R3BULYdR,Paris,Adem,client,760,Cèdres,Saguenay,QC,CA,J8H 6Q5
few393@tp2.com,AM6shVyJ,Fortier,Marc,client,614,Dauphiné,East Angus,QC,CA,C3T 6D0
service748@tp2.com,BV3W3xQ0,Martinez,Myles,client,491,Claude,Châteauguay,QC,CA,G6I 2J7
cost401@tp2.com,uH3R7LL5,Émond,Idriss,client,760,Saphirs,Léry,QC,CA,X7E 8Z9
side392@tp2.com,HbQmRo1n,Marleau,Austin,client,106,Écureuils,Léry,QC,CA,I0K 1A1
check722@tp2.com,jrcD9328,Sénécal,Selena,client,85,Viger,Saint-Colomban,QC,CA,F3O 9R2
citizen170@tp2.com,T8bvjCHW,Picard,Damien,client,605,Montarville,Gaspé,QC,CA,G0G 6I5
central975@tp2.com,Q6lwN4RN,Parenteau,Ashton,client,367,Bagot,Ville-Marie,QC,CA,A4Q 4T8
since733@tp2.com,qOE2IInW,Huynh,Freya,admin,728,Carillon,L'Ancienne-Lorette,QC,CA,Y5K 7P5
she262@tp2.com,PjDG3TIG,Loyer,Liam,client,275,Madrid,Brownsburg-Chatham,QC,CA,I8Z 1B6
father736@tp2.com,6JaNjZ9s,Lapalme,Nelya,client,876,Massena,Dollard-Des Ormeaux,QC,CA,F4L 5Q1
bring557@tp2.com,uoI3mKsM,Bourbonnais,Maelya,client,1005,Dugué,Rigaud,QC,CA,Y8G 6H8
staff859@tp2.com,LB7nEp7M,Leclerc,Charly,client,568,Fauvettes,Baie-Saint-Paul,QC,CA,S0Y 0X8
individual240@tp2.com,bx1GmR2v,Bougie,Julianne,client,117,Industrielle,Murdochville,QC,CA,G4J 8M3
involve820@tp2.com,QWH8l6wd,Cadieux,Elora,client,747,Parker,East Angus,QC,CA,X3W 8L9
ahead597@tp2.com,u4RrmHb0,Simard,Andrea,client,230,Molènes,Val-des-Sources,QC,CA,X1H 3U2
small620@tp2.com,b1lBhpmm,Lortie,Lola,client,527,Alcide-Métivier,Forestville,QC,CA,E1X 0G0
watch758@tp2.com,kV8gWX2S,Drouin,Landon,client,336,Fréchette,Brossard,QC,CA,F6C 1E4
check699@tp2.com,6TZEs9Ks,Chevrier,Melodie,client,506,Monaco,Lac-Sergent,QC,CA,H9F 2W2
father736@tp2.com,e4z6nlUP,Bourassa,Victoria,client,943,Lilas,Mercier,QC,CA,N7M 5M6
win519@tp2.com,sN9EhoSN,Mathieu,Leslie,client,309,François-V.-Malhiot,Saint-Joseph-de-Sorel,QC,CA,Q3N 3K1
money276@tp2.com,tqwW7ww3,Beaumier,Harry,client,360,Lucines,Sherbrooke,QC,CA,B8Z 7W8
include442@tp2.com,SKMJ5GJ8,Lemieux,Evelyne,client,470,Parent,Beauharnois,QC,CA,I5Q 3M9
stuff440@tp2.com,DLH2wK3Y,Huynh,Eleonore,client,60,Caisse,Sainte-Catherine,QC,CA,D0K 2W0
become237@tp2.com,w49Xmeq8,Marcotte,Aidan,client,778,Bruxelles,L'Île-Perrot,QC,CA,X7R 9D2
rest873@tp2.com,xuIAyHDJ,Messier,Emy-jade,client,660,Nancy,Saint-Césaire,QC,CA,Q0S 3O2
dog357@tp2.com,KFQ9uTzB,Bélanger,Jules,admin,675,Simard,Chapais,QC,CA,K2V 3D9
point996@tp2.com,62acrjbL,Séguin,Lucien,client,51,Montarville,Salaberry-de-Valleyfield,QC,CA,T8N 5J9
relationship152@tp2.com,160Qfu0y,Rainville,Bruce,client,248,Alexandre,Saint-Hyacinthe,QC,CA,J2N 9J2
so266@tp2.com,gGLYpcVW,Bourdeau,Jay,client,401,Louis-Fornel,Châteauguay,QC,CA,F3Z 1H3
win519@tp2.com,Q07zEb0X,Després,Christophe,client,951,Alsace,Joliette,QC,CA,I8R 9M2
building140@tp2.com,56N5mI4Y,Larrivée,Kylian,client,470,Verger,Huntingdon,QC,CA,U6W 9O9
pattern873@tp2.com,tIvEUueP,Lemay,June,client,536,Béatrice-La Palme,Sainte-Marie,QC,CA,L7U 6V6
painting979@tp2.com,VGO34MR8,Valcourt,Eli,client,392,Santiago,Mirabel,QC,CA,D9P 4K6
behavior485@tp2.com,Dea0VQMX,Bonin,Amine,client,245,Sicotte,Coaticook,QC,CA,K0K 3P5
compare586@tp2.com,6NFnO66l,Brien,Lyana,client,373,Léopold,Sainte-Anne-de-Bellevue,QC,CA,T8T 5B6
follow955@tp2.com,TnXn1hMQ,Pruneau,Khadija,client,958,Mathurin-Durant,Carleton-sur-Mer,QC,CA,Z5M 4W2
message759@tp2.com,QLoNxEkS,Valcourt,Anas,client,450,Longny,Otterburn Park,QC,CA,P8I 9Y5
total632@tp2.com,h1XFwFSJ,Bond,Wassim,client,823,Albanel,Sainte-Catherine-de-la-Jacques-Cartier,QC,CA,O2M 2C1
red201@tp2.com,rHMzrLpJ,Moisan,Mayson,client,206,Père-Le Jeune,Saint-Sauveur,QC,CA,P1P 6F9
so266@tp2.com,SdyfO2KU,Charette,Maggie,client,533,Chanteclerc,Beaconsfield,QC,CA,Z6I 7R7
environmental116@tp2.com,160Qfu0y,Brien,Liana,client,950,Arthur-Sicard,Belœil,QC,CA,W3U 7Y0
tend627@tp2.com,KswbPilP,Jobin,Charles,client,1007,Haut-Bois,Waterville,QC,CA,K4S 5U4
benefit497@tp2.com,jXItNvHH,Frigon,Aksel,client,910,Trinidad,Témiscouata-sur-le-Lac,QC,CA,P9O 9O9
clearly889@tp2.com,Xc4DS9hs,Grenier,Ludovick,client,199,Denonville,Sainte-Catherine,QC,CA,L3G 1L5
product103@tp2.com,rLCANEIE,Simard,Adele,client,403,François-Demers,Mascouche,QC,CA,L3V 7K2
music430@tp2.com,tJhCakAo,Després,Philip,client,235,Chambéry,Rimouski,QC,CA,X2W 7L5
civil156@tp2.com,AyDiF7xm,Foisy,Logan,client,606,Major,Waterville,QC,CA,N9G 5B9
become237@tp2.com,dUNEqKlQ,Fecteau,Nicolas,client,520,Robin,Charlemagne,QC,CA,M5O 9X3
realize15@tp2.com,m36ccRgU,Delâge,Ludovic,client,92,Béatrice-La Palme,Saint-Hyacinthe,QC,CA,X4F 9E6
human188@tp2.com,tORoLJ08,Sénéchal,Maggie,client,399,Brais,Notre-Dame-de-l'Île-Perrot,QC,CA,D6I 8E1
discuss340@tp2.com,9LpE0BUg,Bourgeois,Teo,admin,49,Briggs,Baie-Comeau,QC,CA,Q1E 1S4
enjoy251@tp2.com,YKNUpIpk,Plante,Lexy,client,602,De Meulles,Mascouche,QC,CA,B2B 8F5
newspaper949@tp2.com,IsAyjZkh,Martin,Billy,client,121,Fontainebleau,Montréal,QC,CA,O3D 2Z6
be573@tp2.com,zMAOqGRJ,Dasilva,Niko,client,293,Sauge,Léry,QC,CA,I9K 7F5
commercial646@tp2.com,w2YKFjOS,Delâge,Amaya,client,754,Beauchemin,Sainte-Marthe-sur-le-Lac,QC,CA,N5C 6H5
benefit153@tp2.com,ICo8c2HZ,Marion,Axel,client,493,Tailhandier,L'Ancienne-Lorette,QC,CA,F0N 8X2
town11@tp2.com,E8xTUvVQ,Déziel,Romie,client,344,Sénécal,Brownsburg-Chatham,QC,CA,P2O 0L9
decade237@tp2.com,nx5TdDwv,Grimard,Lohan,client,259,Pierre-Mercure,Saint-Bruno-de-Montarville,QC,CA,D5E 2V5
how957@tp2.com,liWcuwlX,Allen,Zackael,client,654,Venne,Lac-Saint-Joseph,QC,CA,K4O 1B1
newspaper172@tp2.com,Z9lkg6TY,Belzile,Madeline,client,249,F.-X.-Sabourin,Nicolet,QC,CA,T9C 2O1
individual240@tp2.com,ai60JYOw,Dupéré,Anais,client,203,Ringuet,Kirkland,QC,CA,R6Z 1O3
campaign816@tp2.com,JWLWeehq,Martinez,Elise,admin,853,De La Richardière,Causapscal,QC,CA,E2G 3K7
where826@tp2.com,otzv8ztW,Miller,Lexa,client,822,Godin,Murdochville,QC,CA,M5V 7U0
benefit497@tp2.com,l3OMcpZc,Lemoine,Melina,client,783,Maurice-Savoie,Terrebonne,QC,CA,B4J 0O5
size843@tp2.com,nDMxJ36V,Beaucage,Romeo,client,405,Dorothy,Ville-Marie,QC,CA,Z4L 1N2
dog357@tp2.com,BftRKRZj,Bégin,Samuel,client,227,Trudeau,Saint-Gabriel,QC,CA,K2O 8A4
account511@tp2.com,Fno1a5aZ,Massicotte,Dario,client,689,Sillery,Princeville,QC,CA,U7O 8M1
design582@tp2.com,AgJ5VuaA,Cliche,Eleanore,admin,756,F.-X.-Garneau,Longueuil,QC,CA,I8K 2A2
must816@tp2.com,j0vje5yw,Tousignant,Celia,client,977,De Muy,Longueuil,QC,CA,U8J 3M6
dark4@tp2.com,tlxLIMtk,Boudreau,Lexie,client,10,Roselières,Sainte-Marthe-sur-le-Lac,QC,CA,G6L 0N3
in325@tp2.com,uH3R7LL5,Paris,Adelie,client,613,Parent,Saint-Basile-le-Grand,QC,CA,T6O 1I1
actually967@tp2.com,36EeDWJH,Ruel,Ben,client,1010,Martin,Dolbeau-Mistassini,QC,CA,Z7S 7R8
local505@tp2.com,vCzIJdrr,Roussel,Jeremie,client,827,Houde,La Tuque,QC,CA,S0R 5F7
animal141@tp2.com,LgPXyi7o,Lalonde,Ely-rose,client,39,Rémillard,Dunham,QC,CA,B1B 4K7
n't523@tp2.com,SoYpk7y2,Bourdages,Alphonse,client,314,Occident,Plessisville,QC,CA,V8E 6T3
alone456@tp2.com,FsE7cRQF,Éthier,Kaiden,client,899,Savoyane,Joliette,QC,CA,E4E 2T1
necessary785@tp2.com,F8VCfMtQ,Otis,Esmee,client,787,Hillcrest,Léry,QC,CA,A9M 1X3
how957@tp2.com,l3OMcpZc,Maltais,Cedric,client,197,Benoit,Saint-Sauveur,QC,CA,T5N 8I8
image874@tp2.com,T8bvjCHW,Quirion,Emiliano,client,464,Théoret,Saint-Pamphile,QC,CA,F0F 2E4
spring544@tp2.com,AM6shVyJ,Poliquin,Nicholas,client,987,Ivry,Chibougamau,QC,CA,L0W 7O8
stock895@tp2.com,GGKCtXAi,Smith,Laura,client,629,Henriette-Céré,Saint-Lambert,QC,CA,Q7H 1E6
summer132@tp2.com,FoZCpbsb,Awashish,Auguste,client,47,Charles-E.-Senécal,La Sarre,QC,CA,M4V 5V1
turn115@tp2.com,XGPtz8iG,Tessier,Lorenzo,client,111,Saint-Édouard,Estérel,QC,CA,E3Q 3D7
deep565@tp2.com,LvFy8LBj,Larivière,Malcom,client,76,Wagram,Deux-Montagnes,QC,CA,C8B 9A6
kind910@tp2.com,7P0HWwqP,Grondin,Charlie,client,273,Bordeaux,Saint-Tite,QC,CA,I9H 0I6
meeting866@tp2.com,F9UILNF8,Grondin,Briana,client,1004,Ignace,Hudson,QC,CA,M5Z 4Y8
love874@tp2.com,ircqjZi0,Dubeau,Eleanore,client,841,Mauriac,Brownsburg-Chatham,QC,CA,O8J 8F4
myself603@tp2.com,f9ZcgGmR,Plamondon,Ludovik,client,512,Hirondelles,Sainte-Thérèse,QC,CA,P6V 1U1
hair360@tp2.com,BLHZOqob,Fernandez,Marius,client,488,Gravel,Ville-Marie,QC,CA,G8V 1K9
hit859@tp2.com,sBiaCxp7,Grimard,Jacob,client,108,Monseigneur-Taché,Carleton-sur-Mer,QC,CA,Y5Y 5Q5
fill209@tp2.com,hJW1PYDl,Rivest,Lily-rose,client,310,Longford,Témiscaming,QC,CA,G3S 7O8
side392@tp2.com,x6ncQ37v,Brochu,Laure,client,739,Edgewood,Desbiens,QC,CA,H2V 3P0
attorney988@tp2.com,JvKjU47f,Boulet,Harrison,admin,444,Aberdeen,Beauceville,QC,CA,W0V 5V4
red201@tp2.com,OZkoySQg,Morais,Mya,client,999,Valois,Montmagny,QC,CA,M5Y 7F5
candidate264@tp2.com,wc9eZIkk,Barbeau,Henry,client,7,Major,Senneterre,QC,CA,G1S 9B2
call333@tp2.com,jij8uqLP,Després,Alix,client,688,Amherst,Saint-Eustache,QC,CA,H5P 7P5
citizen170@tp2.com,JvDtVqHt,Arsenault,Rose,client,202,Beaulieu,L'Ancienne-Lorette,QC,CA,C7N 5V1
attorney973@tp2.com,EM8lW2To,Labrecque,Leila,client,933,Sauvé,Shannon,QC,CA,O9K 8C8
let860@tp2.com,xo9cH0Xo,Gendreau,Melia,client,941,De Tonty,Amqui,QC,CA,P9C 1U0
go828@tp2.com,rCmRhjmG,Galarneau,April,client,436,Rouvière,Lac-Delage,QC,CA,T9D 3I0
light479@tp2.com,wv5D4auc,Bordeleau,August,client,313,Ottawa,Varennes,QC,CA,F8Y 8D6
if753@tp2.com,tORoLJ08,Dubreuil,Luciano,client,33,Le Baron,Gracefield,QC,CA,L0F 9X1
art607@tp2.com,FoRzK1ex,Maltais,Ulysse,client,246,Bretagne,La Pocatière,QC,CA,H6S 3S3
night51@tp2.com,SU8ZcaKE,Fauteux,Tomas,admin,325,La Salle,L'Île-Cadieux,QC,CA,K4B 5R6
this856@tp2.com,6awVce9T,Lajoie,Elio,client,411,Arbour,Rivière-Rouge,QC,CA,M7H 9P2
affect994@tp2.com,OqkZeFKw,Éthier,Adaline,client,803,Blanchet,Saguenay,QC,CA,J9A 8D4
fill209@tp2.com,3FJYW5ZT,Cardin,Kyle,client,299,Duncan,Rivière-Rouge,QC,CA,J3M 0I1
in325@tp2.com,sW61ly03,Roch,Khadija,client,302,Paradis,Saint-Joseph-de-Beauce,QC,CA,O5M 8K4
treatment22@tp2.com,LzZ5VEHM,Desaulniers,Agathe,client,103,Auvergne,Richelieu,QC,CA,R0D 8C4
check722@tp2.com,5ccDe0Av,Allard,Marie,client,940,Clifton,Saint-Lin–Laurentides,QC,CA,Y2I 8V3
watch758@tp2.com,TQ6cPfOI,Gouin,Eliam,client,343,Nancy,Saint-Pie,QC,CA,O2H 4B6
paper737@tp2.com,tvHBjl6Z,Léveillé,Blake,client,22,Andy,Danville,QC,CA,Y4R 3N1
perhaps916@tp2.com,ep60fHBZ,Goulet,Lilia,client,579,Mistral,Ville-Marie,QC,CA,L4L 8U0
week507@tp2.com,KyH1ALWy,Turbide,Eleanor,client,9,Simon,Saint-Basile-le-Grand,QC,CA,S3J 8S8
pattern46@tp2.com,ReaVsZrX,Lesage,Kian,client,985,Huberdeau,Mascouche,QC,CA,L3U 3Q4
key681@tp2.com,UeEh2p7Y,Viens,Nicolas,client,967,Vimy,Daveluyville,QC,CA,O6A 6F0
perhaps916@tp2.com,OWsyWp0j,Bond,Aby,client,430,Trottier,Baie-Comeau,QC,CA,B1B 3K8
turn115@tp2.com,zy3wb8If,Fraser,Jeanne,client,305,Mercier,Saint-Raymond,QC,CA,T5Q 0C7
challenge560@tp2.com,fKIjAjNz,Alexandre,Tommy,client,831,Star,Beauharnois,QC,CA,B0H 3K2
point996@tp2.com,dIxd0vZW,Courchesne,Mae,client,907,Île-Charron,Thurso,QC,CA,Z8R 1R7
return656@tp2.com,DhzB5rp4,Côté,Noe,client,177,Jura,Saint-Honoré,QC,CA,M4U 7O0
senior938@tp2.com,TFbztyCL,Beauchamp,Lily,client,133,Bellefeuille,Nicolet,QC,CA,N6J 5J6
tonight167@tp2.com,TMiXh57S,Dagenais,Floralie,admin,334,Colbeck,Thetford Mines,QC,CA,C6P 6Q8
Democrat285@tp2.com,HX9tubCQ,Beaumont,Zara,client,44,Duluth,Sorel-Tracy,QC,CA,R8K 8Q3
best654@tp2.com,xHioretW,Martinez,Teo,client,950,Robert,Prévost,QC,CA,H0I 1Q4
particularly77@tp2.com,IBYB0DIZ,Leblond,Jaxon,client,563,Beaufort,Berthierville,QC,CA,I2N 8O3
hear298@tp2.com,7IEqi9cz,Deschamps,Alyson,client,637,Desmarchais,Saint-Honoré,QC,CA,W8T 1M3
put998@tp2.com,zjq6kPtI,Tran,Leopold,client,464,Poupart,Saint-Joseph-de-Beauce,QC,CA,E3E 2J1
whether544@tp2.com,vfI2iSvN,Lemaire,Roseline,client,291,Denis-Véronneau,Saint-Amable,QC,CA,K2V 9W5
any319@tp2.com,0k7a7oS5,Morel,Sadie,client,352,Eugène-Héroux,Alma,QC,CA,Q3Z 3R7
environmental116@tp2.com,z1FEr3vv,Fréchette,Gemma,client,324,De Bienville,Saint-Pamphile,QC,CA,T4X 2Q2
interview630@tp2.com,hkZ4bNIC,McKenzie,Vincent,client,146,Vallières,Kirkland,QC,CA,R6J 7R6
recognize551@tp2.com,TnXn1hMQ,Boulianne,Serena,client,136,La Fredière,Mirabel,QC,CA,K1G 9I3
measure904@tp2.com,TSUIy0QC,Godin,Dania,client,492,Beaufort,Coaticook,QC,CA,P5Y 2C1
image874@tp2.com,jrcD9328,Valcourt,Wilson,client,472,Imelda-Millette,Prévost,QC,CA,X3K 8Q6
other304@tp2.com,QslJYKLM,Tanguay,Easton,admin,917,Gouin,Boisbriand,QC,CA,A9G 5H5
paper737@tp2.com,SnWEwpnZ,Béliveau,Lukas,client,207,Hugues-Pommier,Acton Vale,QC,CA,Y9D 3P9
throughout383@tp2.com,sN9EhoSN,Dumais,Elias,client,964,Paré,Trois-Pistoles,QC,CA,F6J 4H6
expect711@tp2.com,72ueIrOn,Ledoux,Lucia,client,49,Bernard,Sept-Îles,QC,CA,L1C 7U7
nature687@tp2.com,HX9tubCQ,Gariépy,Maia,client,120,Paquette,Saint-Marc-des-Carrières,QC,CA,J8B 1Y4
patient161@tp2.com,BLHZOqob,Bellemare,Bryson,client,582,Comber,Belœil,QC,CA,W6E 7G8
child745@tp2.com,XlqeksMQ,Berthiaume,Laure,client,365,Legault,Chapais,QC,CA,D1Y 2A0
information462@tp2.com,murwlazj,Brissette,Charlie-rose,client,634,Bachand,Val-des-Sources,QC,CA,C8X 8S5
huge305@tp2.com,5aFOzXEI,Massé,Skyla,client,1013,Durocher,Amos,QC,CA,V0E 9C9
cost129@tp2.com,3kSgG7Mi,Munger,Felix,client,133,Lessard,Dégelis,QC,CA,G8S 9V9
n't523@tp2.com,UvC4vRiW,Lagacé,Jonathan,client,1016,Évreux,Saint-Jérôme,QC,CA,C6K 8X2
science324@tp2.com,q5XkomJL,Drolet,Lewis,client,1010,Mignault,Alma,QC,CA,E5Q 4R9
benefit153@tp2.com,XPG6yxRz,Haché,Ludovic,client,331,Courcelette,Gatineau,QC,CA,M9O 6O9
eight539@tp2.com,gGLYpcVW,Berger,Alysson,client,592,Louis-Hébert,Belleterre,QC,CA,H6F 5E9
full902@tp2.com,gGjbJWag,St-Hilaire,Maxime,client,383,De Salières,Beauceville,QC,CA,T3R 0F5
age123@tp2.com,E8xTUvVQ,Quesnel,Rose-marie,client,1006,Navarre,Carleton-sur-Mer,QC,CA,E6S 1R9
wear553@tp2.com,YLv8pu1p,Diotte,Hazel,client,239,D'Iberville,Warwick,QC,CA,D6D 9Y8
pass451@tp2.com,n1Won8uw,Chalifoux,Ely-rose,client,341,Orchidée,Sorel-Tracy,QC,CA,Q4F 4D4
animal404@tp2.com,grHR6GNj,Parent,Maggie,client,93,Othello,Saint-Basile-le-Grand,QC,CA,W5K 5C4
very160@tp2.com,w49Xmeq8,Goyer,Leticia,client,66,Pruniers,Bonaventure,QC,CA,X5H 9V2
n't523@tp2.com,AVSpnKpr,Audy,Cameron,client,458,Loire,Rouyn-Noranda,QC,CA,K6T 0D8
she218@tp2.com,SuJoZqo4,Bruneau,Emy,client,784,Gaboury,Senneterre,QC,CA,L9B 4Z3
individual240@tp2.com,1HdHlkFW,Loiselle,Kylian,client,50,Thomas-Pépin,Rosemère,QC,CA,L0O 2J1
show29@tp2.com,2yRyi8Uh,Campbell,Henri,client,273,Régent,Saint-Joseph-de-Beauce,QC,CA,T6H 7B4
kind503@tp2.com,ZulNljjk,Pichette,Jasper,admin,175,Emma-Collin,Repentigny,QC,CA,R4Q 9X7
ready642@tp2.com,BV3W3xQ0,Cormier,Luca,client,625,Jodoin,Rosemère,QC,CA,C6U 3F6
organization702@tp2.com,OMSdkuLc,McDuff,Matt,client,462,Beaubien,Normandin,QC,CA,E6U 9A5
next672@tp2.com,ckZy0LjC,Pereira,Eden,client,359,Kensington,Gatineau,QC,CA,D3D 9K8
benefit153@tp2.com,ircqjZi0,Longpré,Emy-jade,client,881,Loiselle,Dollard-Des Ormeaux,QC,CA,D4F 3Z5
possible488@tp2.com,lnqGE2p8,Bourdages,David,client,302,Nantes,Chapais,QC,CA,T4X 6W7
final812@tp2.com,tojow00o,Héroux,Charly,client,586,Prunelliers,Sainte-Marthe-sur-le-Lac,QC,CA,J5F 3U4
piece268@tp2.com,2yRyi8Uh,Adams,Esteban,client,259,Soissons,Beauharnois,QC,CA,O4K 8Y4
technology948@tp2.com,cJ0BZV1E,Boily,Billy,client,41,Menneval,Boisbriand,QC,CA,M9E 6H9
beyond947@tp2.com,6XUzlDOZ,Bouthillier,Marianne,client,966,Hillcrest,Portneuf,QC,CA,Y1Q 5E4
factor814@tp2.com,lAbeI0aQ,Dorion,Nico,client,920,De Varennes,Saint-Charles-Borromée,QC,CA,Z0F 6T4
federal200@tp2.com,ypRsCxrT,Lafortune,Yacine,client,32,François-P.-Bruneau,Gaspé,QC,CA,D7F 7L0
present225@tp2.com,nY5oK4DY,Munger,Billy,client,956,York,Lac-Brome,QC,CA,I5C 0B1
next636@tp2.com,h3G9L8m1,Couture,Elie,client,587,De La Brocquerie,Neuville,QC,CA,T0E 7B0
message759@tp2.com,SEAwUkHk,Binette,Ivy,client,988,Escadrons,Saint-Lambert,QC,CA,E5V 2V2
wind206@tp2.com,vCzIJdrr,Bourgoin,Alexi,client,487,Général-Vanier,Percé,QC,CA,B2M 2A6
data268@tp2.com,EyJeyZMQ,Provencher,Liam,client,626,Pierre-Biard,Clermont,QC,CA,B4U 5K4
news669@tp2.com,Jdav8I6n,Tourigny,Tobias,client,18,Savard,Boisbriand,QC,CA,H3C 0C2
herself548@tp2.com,JHRJvYIh,Gariépy,Joel,client,942,Mélèzes,Rosemère,QC,CA,L6X 3H5
factor814@tp2.com,FM0XeZSl,Poulin,Cassandra,client,191,Vincent,Princeville,QC,CA,X7Z 6D8
action939@tp2.com,HCWMewCG,Galipeau,Alyssa,client,202,De La Barre,Sainte-Marie,QC,CA,Z1Q 9G1
onto751@tp2.com,5MYua8Uv,Turmel,Elyas,client,782,Landes,Causapscal,QC,CA,C6M 6S9
particularly77@tp2.com,AVSpnKpr,Boudreau,Maelya,client,915,Angoulême,Sainte-Catherine-de-la-Jacques-Cartier,QC,CA,R9E 7V4
born960@tp2.com,hkZ4bNIC,Robillard,Cedrick,client,422,Dover,Léry,QC,CA,Z3N 0U2
discuss216@tp2.com,IsAyjZkh,Chartrand,Jakob,client,297,Bouchard,Baie-Saint-Paul,QC,CA,H0D 5B5
race376@tp2.com,IkiXLXoW,Nicolas,Brooklyn,client,444,Léo-Pariseau,Amqui,QC,CA,K0A 8T6
contain586@tp2.com,hIOTPOT5,Richer,Billy,client,845,Saint-Jacques,Sainte-Agathe-des-Monts,QC,CA,X3F 7Y1
mother619@tp2.com,EeLIsexC,Charland,Laurier,client,178,Neuchatel,Saint-Amable,QC,CA,G5C 0Y7
win519@tp2.com,V3bEexhq,Plourde,Elias,client,498,Charron,Sorel-Tracy,QC,CA,B5V 6R1
technology948@tp2.com,h1XFwFSJ,Marcil,Joel,client,373,Lamothe-Cadillac,Deux-Montagnes,QC,CA,R9M 4K7
skill949@tp2.com,cmVY27FO,Cadorette,Evan,client,1005,Messier,Lac-Saint-Joseph,QC,CA,T5B 8Y1
key34@tp2.com,eBnA2WA6,Laprise,Ryan,client,266,Louviers,Dunham,QC,CA,Z9Y 9B8
national162@tp2.com,JCuCYmiA,Duhaime,Evy,client,435,Alcide-Métivier,Saint-Raymond,QC,CA,U0D 1A4
whether175@tp2.com,xbeVz1OQ,Robidoux,Alyssa,client,282,Coulonge,Gracefield,QC,CA,K6G 0H9
right912@tp2.com,KZPjFfhc,Chalifoux,Emmanuelle,client,185,Messier,Port-Cartier,QC,CA,C6X 1H6
wonder401@tp2.com,5iEnu16I,Nolet,Lola,client,382,Caisse,Sherbrooke,QC,CA,N3M 1O1
ago931@tp2.com,Gy0CrMy8,Mailhot,Bella,admin,678,Lareau,Saint-Amable,QC,CA,I9R 6A7
reflect849@tp2.com,pyNrUY99,Lam,Cloe,client,345,Chevreuil,Témiscaming,QC,CA,G1X 4O4
create157@tp2.com,AnMtNJBM,Latreille,Abygael,client,333,Marguerites,Boucherville,QC,CA,W0P 2M9
focus763@tp2.com,HGAkkDLW,Bonin,Cassandra,client,318,Boyd,Amos,QC,CA,N3F 4A3
month918@tp2.com,9j84cmdQ,Fernandez,Zayn,client,713,Boyer,Saint-Hyacinthe,QC,CA,N5N 3G2
surface199@tp2.com,sBiaCxp7,Hardy,Hamza,client,338,Isle-de-France,East Angus,QC,CA,X6R 7H1
much385@tp2.com,hhNiu9iW,Forgues,Elyas,client,755,Achille-Fortier,Sainte-Catherine-de-la-Jacques-Cartier,QC,CA,X5I 6F3
stand861@tp2.com,uIm8dW9e,Desbiens,Evelyn,client,13,Marronniers,Saint-Bruno-de-Montarville,QC,CA,B4F 2E6
fill209@tp2.com,j0vje5yw,Mitchell,Elliott,admin,993,Nelligan,Port-Cartier,QC,CA,C0V 5A4
member183@tp2.com,tojow00o,Lanthier,Jayson,client,493,Sabrevois,La Malbaie,QC,CA,S4I 4R1
quite963@tp2.com,3U6xDygS,Lessard,Youssef,client,158,Gagnon,Sainte-Anne-des-Monts,QC,CA,S9H 2Z4
career854@tp2.com,Gy0CrMy8,Hébert,Charlie,client,191,Jetté,Charlemagne,QC,CA,F2J 0W1
mother619@tp2.com,6aSkPQEa,Grégoire,Matias,client,258,Jean-Bariteau,Bois-des-Filion,QC,CA,S3X 1U7
newspaper949@tp2.com,rixOpvvE,Viens,Laure,client,936,Joseph-Poulin,Lévis,QC,CA,K0Z 7J9
sound316@tp2.com,hLfE2jyI,Dubois,Maxime,client,538,Tyrol,East Angus,QC,CA,E2B 0B0
fish294@tp2.com,kugDUSfj,Quenneville,Isabelle,client,434,Normandie,Sorel-Tracy,QC,CA,P1P 8T7
while381@tp2.com,mEfLaveL,Sauriol,Julianne,client,398,Gardenvale,Richmond,QC,CA,V7C 2O3
world675@tp2.com,2VuEVOE4,Beaudin,Ollie,client,658,Dufresne,Bécancour,QC,CA,E1R 5E2
friend760@tp2.com,1tAFazSw,Pedneault,Lara,client,311,La Noraye,Lebel-sur-Quévillon,QC,CA,A8U 7U4
bed319@tp2.com,B8TQwOPm,Forest,Malya,client,796,Bonaventure,Sherbrooke,QC,CA,N7L 6L2
PM819@tp2.com,t0obU78H,Daoust,Celeste,client,957,Guillaume,Nicolet,QC,CA,H4R 6L0
form647@tp2.com,XcbD1JuN,Drouin,Clementine,client,485,Chassé,Roberval,QC,CA,Y1V 5G8
patient424@tp2.com,g1kIA4kv,Brien,Diana,client,918,Imperial,Neuville,QC,CA,W0J 2V5
news669@tp2.com,d78XTIPc,Hamelin,Mavrik,client,820,Liège,Saguenay,QC,CA,D5V 4R8
high538@tp2.com,asOpM4xs,Danis,Livia-rose,client,758,Brébeuf,L'Île-Dorval,QC,CA,T2J 3A6
quickly661@tp2.com,uUq7B8eh,Huynh,Aidan,client,955,Savoyards,Rosemère,QC,CA,L0N 6L1
sound427@tp2.com,b0GTVEjZ,Sénéchal,Charles-henri,client,927,Lenoir,Saint-Hyacinthe,QC,CA,U4L 0U3
cancer334@tp2.com,HA8ojK74,Chen,Adem,client,795,Claude,Maniwaki,QC,CA,U3D 3Z3
foreign503@tp2.com,bZGqyZDi,Chan,Maddie,client,16,Église,Coteau-du-Lac,QC,CA,O0B 7B7
law728@tp2.com,WehzmKJh,Simoneau,Louna,client,87,Brassard,Portneuf,QC,CA,H0C 6R5
doctor329@tp2.com,0cGkuwgb,Duquette,Lou,client,129,Frobisher,Val-des-Sources,QC,CA,T7W 1W6
three286@tp2.com,PjDG3TIG,Carrier,Amelie,client,401,Marie-Charles-Le Moyne,Sorel-Tracy,QC,CA,R9E 7S4
trade343@tp2.com,V3VDCK34,Audet,Maddy,client,846,Closse,Chapais,QC,CA,J7V 2I4
head174@tp2.com,JvyRWuKB,Lafontaine,Romy,client,379,François-Gravé,L'Épiphanie,QC,CA,B2E 9V4
skill949@tp2.com,MFxy6vJi,Filiatrault,Aminata,client,910,Venise,Murdochville,QC,CA,N7G 2U0
according973@tp2.com,Qjv6oyBl,Béland,Pierre,client,515,Claude-Dablon,Côte-Saint-Luc,QC,CA,M7P 2G1
surface199@tp2.com,FM0XeZSl,Petit,Evalie,client,859,Thomas-Pépin,Notre-Dame-des-Prairies,QC,CA,C3L 1U5
rise833@tp2.com,Gbin92rA,Provencher,Theodore,client,295,Bougainville,Mont-Laurier,QC,CA,O6B 7U0
newspaper949@tp2.com,ypRsCxrT,Généreux,Ely-rose,client,546,Champlain,Percé,QC,CA,M8R 9T3
point996@tp2.com,MiEutQW2,Guy,Colin,client,410,Renard,Beaupré,QC,CA,N8F 2U3
hospital22@tp2.com,9MJi1K4x,Pépin,Aurora,client,810,Montgomery,Lac-Sergent,QC,CA,U0R 1N0
bring557@tp2.com,RBfh8dCr,Boulanger,Maddox,client,463,Lac,L'Ancienne-Lorette,QC,CA,C9C 1J3
hospital664@tp2.com,yLj3NnTR,Lafleur,Leane,client,516,Champagne,Belleterre,QC,CA,Z6C 4P1
traditional631@tp2.com,nY5oK4DY,Jacques,Louise,client,452,Charles-Aubertin,Percé,QC,CA,K9J 7U4
partner218@tp2.com,jrcD9328,Jomphe,Renaud,client,702,Oslo,Windsor,QC,CA,R9E 4X0
special9@tp2.com,FgFHeJJ4,McDonald,Daven,client,633,Arthur-Houle,Contrecœur,QC,CA,M1L 5O9
be573@tp2.com,ICo8c2HZ,Turmel,Lou,client,164,Reims,Princeville,QC,CA,N7F 5C5
people405@tp2.com,9QcZlv3w,Sauvageau,Rania,client,569,Régina,Acton Vale,QC,CA,Z5E 1R1
measure904@tp2.com,fKIjAjNz,Boutin,Billy,client,615,Isabel,Lévis,QC,CA,D6T 5V7
each381@tp2.com,MiEutQW2,Ross,Jasmine,client,397,De Cournoyer,Métis-sur-Mer,QC,CA,B0C 9B9
which748@tp2.com,oXTAL4E7,Kaur,Adaline,client,434,Azuré,Valcourt,QC,CA,O0C 4L1
matter628@tp2.com,BYFn2XPx,Bertrand,Eliot,client,210,Eugène-Héroux,Bois-des-Filion,QC,CA,U3I 5O9
they924@tp2.com,oSws36K5,Gariépy,Ana,client,148,Benjamin,Longueuil,QC,CA,R4H 8Y4
radio471@tp2.com,Q6lwN4RN,Desfossés,Adeline,client,191,Andy,Mirabel,QC,CA,L4B 4U4
love874@tp2.com,gGLYpcVW,Durand,Mia,client,644,Pendale,Saint-Basile,QC,CA,P2K 1S2
nearly339@tp2.com,dIxd0vZW,Lafontaine,Beatrice,client,864,Liverpool,Malartic,QC,CA,N0E 0V0
yet431@tp2.com,lnqGE2p8,Brassard,Christian,client,501,Nathalie,Sainte-Agathe-des-Monts,QC,CA,U1K 3H8
material721@tp2.com,SqpSo9vN,Leclerc,Loick,client,885,De La Jemmerais,Senneterre,QC,CA,B1T 2D6
notice759@tp2.com,vSMAAQIK,Le,Robin,client,431,Kirby,Disraeli,QC,CA,Q3T 2D9
which704@tp2.com,eBnA2WA6,Guérin,Aimee,client,386,Rémy,Lorraine,QC,CA,I4Q 0S7
next672@tp2.com,yi8qSnCf,Savage,Lilou,client,412,Jean-Désy,Otterburn Park,QC,CA,O7T 9H1
simple440@tp2.com,lxUUFgSf,Petit,Alyson,client,475,Lafontaine,Deux-Montagnes,QC,CA,H0O 5N3
produce142@tp2.com,AOM2qwS2,Doré,Nelly,client,69,La Ventrouze,Belleterre,QC,CA,W7Y 8I1
along198@tp2.com,CSUrleGf,Hallé,Ariana,client,626,Noisy,Saint-Sauveur,QC,CA,Z0V 3A1
size562@tp2.com,7jjvi1sL,Baribeau,Malika,client,872,Étienne-Marchand,Dunham,QC,CA,E4X 4Z7
what703@tp2.com,uog0vrlZ,Lahaie,Maelle,client,122,Falaise,Fossambault-sur-le-Lac,QC,CA,Y7Z 7S5
enjoy558@tp2.com,otzv8ztW,Henry,Lea-jade,client,425,Joseph-Lassonde,Lac-Delage,QC,CA,C2K 2B4
develop190@tp2.com,nJTeCejA,Lapointe,Karim,client,905,Mont-Saint-Michel,Bois-des-Filion,QC,CA,Q6U 5G1
her233@tp2.com,2u1noTTM,Larouche,Rosaly,client,436,Patrick,Château-Richer,QC,CA,P8O 2O7
animal141@tp2.com,ZwOzbzNU,Montminy,Chase,client,741,Mario,Drummondville,QC,CA,E1H 8C8
factor814@tp2.com,h1XFwFSJ,Boulanger,Alexa,client,947,Elm,Dégelis,QC,CA,V4B 1V9
building706@tp2.com,lIX9hx2m,Dubuc,Samuelle,client,57,Pins,Saint-Sauveur,QC,CA,E7L 1W8
huge305@tp2.com,WehzmKJh,Lapointe,Finn,client,30,Sarcelles,Saint-Augustin-de-Desmaures,QC,CA,K7B 6U8
involve847@tp2.com,P2NIlDBj,Beaudoin,Maeva,client,329,Robin,Desbiens,QC,CA,O7T 0S4
father736@tp2.com,RrPZLMlw,Galarneau,Ryan,client,946,De Chambly,Belleterre,QC,CA,X6C 1P9
interview630@tp2.com,pOAd4yqn,Gauvreau,Robert,client,676,Simon,Montréal,QC,CA,C4D 4J1
international721@tp2.com,YKlv2Voc,Juneau,Romain,client,361,Nicolet,Shawinigan,QC,CA,W0C 0J5
wonder56@tp2.com,6qmtRl4O,Bellemare,Morgane,client,316,McGill,Mont-Royal,QC,CA,Q8B 5Y3
century295@tp2.com,WqIcn83J,Alexandre,Melina,client,288,Ivanhoë-Caron,Shawinigan,QC,CA,E0U 5Q1
animal404@tp2.com,cGfnLFdG,Joseph,Briana,client,222,Robert,Maniwaki,QC,CA,C3C 9J5
check722@tp2.com,nXKGEAwI,Normand,Isabella,client,237,Lareau,Sainte-Anne-de-Beaupré,QC,CA,Y1N 1X2
each381@tp2.com,fPiajEK0,Desrochers,Nelson,client,155,Gail,Amos,QC,CA,S2V 4O3
report410@tp2.com,oXmJyHIy,Fraser,Christopher,client,432,Beauchêne,Saint-Amable,QC,CA,O4M 3G2
citizen101@tp2.com,uH3R7LL5,Brodeur,Rafaelle,client,52,Brunet,Charlemagne,QC,CA,D0B 3B8
leg255@tp2.com,vspJQT1R,Lecompte,Kiara,client,263,Ancolie,Port-Cartier,QC,CA,G6E 5S8
yet219@tp2.com,KFQ9uTzB,Paris,Ilyas,client,973,Emborne,Saint-Rémi,QC,CA,E9N 0H7
interview564@tp2.com,0NKN8wSj,Morais,Ophelie,client,478,Champagne,La Malbaie,QC,CA,Q5K 3G5
since733@tp2.com,nJTeCejA,Desmarais,Tiffany,client,560,Small,Estérel,QC,CA,C6H 4I6
significant819@tp2.com,xHioretW,Deblois,Lara,client,292,Lareau,Bois-des-Filion,QC,CA,R7B 1P9
impact305@tp2.com,uIm8dW9e,Dumas,Kylie,client,469,Trinidad,Rosemère,QC,CA,Z3U 9E6
wait733@tp2.com,f5htAsqu,Mayer,Anae,client,483,Pierre-Larrivé,Maniwaki,QC,CA,R9D 3H2
identify569@tp2.com,ptlyjZe0,Laurin,Hudson,client,804,Ernest-Lavigne,Hudson,QC,CA,D8A 8C8
world355@tp2.com,vjErZECy,Duchesneau,Laurence,client,523,Alcide,Dunham,QC,CA,U6O 7J3
pass451@tp2.com,PQcRC4vV,Guénette,Felix-antoine,client,408,Miller,Cap-Chat,QC,CA,K2D 5N3
number14@tp2.com,9LpE0BUg,Denis,Hunter,client,752,Offenbach,Richelieu,QC,CA,L9S 9C7
watch805@tp2.com,Z8KCwPCd,Gill,Blake,client,622,Sullivan,Clermont,QC,CA,A8M 1Q8
race989@tp2.com,7ej7L5BR,Nicol,Santiago,admin,289,Gustave-Lanctôt,Baie-Saint-Paul,QC,CA,H9E 2J7
occur258@tp2.com,wLl0kzOb,Bonin,Micah,client,680,Schumann,Port-Cartier,QC,CA,Y3E 7W6
course622@tp2.com,2lQTgr07,Harrisson,Emeric,client,759,Monseigneur-Taché,Mont-Laurier,QC,CA,I7D 1U9
central975@tp2.com,NMADSTfn,Taylor,Eliot,client,764,Alvares-Cabral,Pohénégamook,QC,CA,I8V 7P8
especially114@tp2.com,MXLuL3Km,Forest,Emmett,client,11,Père-Le Jeune,Dorval,QC,CA,L2U 3T5
minute706@tp2.com,AIK3cDY5,Labrecque,Justine,client,194,Saint-Édouard,Témiscaming,QC,CA,C3V 1U8
red201@tp2.com,jAXDY3R6,Rocheleau,Axel,client,138,Hugues-Pommier,Terrebonne,QC,CA,Y6A 1X0
expect456@tp2.com,Tn2ZhpDQ,Théberge,Austin,admin,75,Gilles-Hocquart,Brownsburg-Chatham,QC,CA,P4V 8Q0
fail162@tp2.com,OWsyWp0j,Blanchard,Dahlia,client,874,Howard,L'Épiphanie,QC,CA,R3C 2I5
bit685@tp2.com,x6ncQ37v,Rochefort,Eliana,client,65,Bergevin,Dunham,QC,CA,A5P 7Y4
model717@tp2.com,Gy0CrMy8,Gallant,Salma,client,53,Hillside,Trois-Rivières,QC,CA,R6D 6R9
environmental116@tp2.com,IbOkjXvT,Nantel,Naomi,client,69,Lausanne,Thurso,QC,CA,Y4M 0M6
develop190@tp2.com,WeZr7Rjt,Ranger,Dean,client,820,Leslie,Kingsey Falls,QC,CA,V3X 2B7
wait733@tp2.com,ofXkl1jP,Desgagné,Alexis,client,682,Pine,Saint-Joseph-de-Beauce,QC,CA,Q7Y 9E2
close349@tp2.com,6DdRNCcJ,Laroche,Milann,client,393,Charles-Goulet,Sainte-Marthe-sur-le-Lac,QC,CA,U7Q 9D5
ready642@tp2.com,EM8lW2To,Bernatchez,Ava,admin,189,Howard,Saint-Césaire,QC,CA,F3X 1I1
land856@tp2.com,cJ0BZV1E,Gougeon,Ludovick,client,108,Portage,Lac-Sergent,QC,CA,W5O 2A8
she262@tp2.com,ZeOsKd9o,Lacasse,Kylian,client,880,Margaret,Alma,QC,CA,L3M 4A5
involve847@tp2.com,jO0cslB3,Chevalier,Roman,client,663,De Maricourt,Berthierville,QC,CA,S6O 1D2
individual240@tp2.com,wv5D4auc,Robidoux,Louane,client,206,Bellevue,Saint-Eustache,QC,CA,Z9Y 9C8
full409@tp2.com,dhhvJ5mw,Béliveau,Mayson,client,135,Michel,Laval,QC,CA,Z8L 4T5
military158@tp2.com,wB5sYwcp,Beausoleil,Philip,client,356,Écluse,Bedford,QC,CA,I6G 2U7
sure504@tp2.com,0nJc2r3B,Dumoulin,Maia,client,196,Aberdeen,Shawinigan,QC,CA,G2F 3R1
few750@tp2.com,xo9cH0Xo,Gendron,Maria,client,614,Claude-Champagne,Berthierville,QC,CA,H7R 2I7
watch805@tp2.com,LzZ5VEHM,Royer,Summer,client,215,Verlaine,Notre-Dame-de-l'Île-Perrot,QC,CA,Q0O 0B7
love874@tp2.com,vR4MdQNO,Bourassa,Daniela,client,285,Leduc,Bedford,QC,CA,I4J 8K2
newspaper949@tp2.com,BYFn2XPx,Robertson,Michael,client,934,Tamias,Montréal-Ouest,QC,CA,C8R 9F4
hit859@tp2.com,FlmsIvFL,Morel,Wilson,client,135,Honfleur,Laval,QC,CA,P3X 6I6
prevent144@tp2.com,yi8qSnCf,Raymond,Owen,client,956,Parc-Industriel,Montréal-Est,QC,CA,L1T 1P5
close349@tp2.com,WehzmKJh,Brault,Maia,client,648,Cartier,Sept-Îles,QC,CA,R1Q 0K0
dream424@tp2.com,3zkP55Tk,Lavoie,Alec,client,369,De La Vérendrye,Lévis,QC,CA,X5I 0T8
in602@tp2.com,F9UILNF8,Caron,Enzo,client,991,Dion,Saint-Bruno-de-Montarville,QC,CA,Q7F 9P7
how957@tp2.com,obP7Utwc,Anctil,Eden,client,478,Judith-Sainte-Marie,Acton Vale,QC,CA,Z8C 5Q8
fish294@tp2.com,HbQmRo1n,Lavallée,Thalia,client,261,Seigneurs,Notre-Dame-de-l'Île-Perrot,QC,CA,T2Z 1A2
go828@tp2.com,6WduBDnp,Julien,Samy,client,178,François-Gravé,Murdochville,QC,CA,K6W 2F1
another985@tp2.com,DPB4a7ML,Diaz,Remi,admin,958,Brébeuf,Bécancour,QC,CA,G5H 2T6
part968@tp2.com,AgJ5VuaA,Dumoulin,Joshua,client,230,Alexandre,Belœil,QC,CA,J6Q 7R4
light479@tp2.com,b1lBhpmm,Labrecque,Zoe,client,1003,Caisse,Warwick,QC,CA,V8F 9K1
result159@tp2.com,2MxsdJsX,Chayer,Jayce,client,751,Paradis,Léry,QC,CA,Q6E 6Q9
law899@tp2.com,WehzmKJh,Deneault,Darius,client,130,Roger,La Malbaie,QC,CA,O7E 1D6
family449@tp2.com,MXLuL3Km,Lafortune,Florian,admin,238,Montcalm,Lavaltrie,QC,CA,R1E 1F7
pass451@tp2.com,0KdgDJsQ,Denis,Leon,client,898,La Rochelle,Macamic,QC,CA,Y5U 4P3
speech674@tp2.com,KFQ9uTzB,Després,Azelie,client,332,Marguerite-Bertaud,Beauceville,QC,CA,Z1U 7E9
check699@tp2.com,lVOXMcz7,Deveault,Henri,client,99,Belvédère,Gatineau,QC,CA,G2O 0B0
professional221@tp2.com,vjErZECy,Gervais,Mickael,client,953,Plessis,Gaspé,QC,CA,G0V 4Y1
determine274@tp2.com,PkI9cPEy,Kaur,Alexe,client,323,Labelle,Roberval,QC,CA,V4R 0L7
stop8@tp2.com,PQcRC4vV,Rochefort,Maxim,client,452,Carillon,Sainte-Anne-des-Monts,QC,CA,D0T 2D8
spring61@tp2.com,b0GTVEjZ,St-Jean,Justin,client,538,Pierre-Hétu,Marieville,QC,CA,G5N 4E5
sign596@tp2.com,AgJ5VuaA,Mailloux,Mia,client,270,Robert,Farnham,QC,CA,G1S 2V8
growth992@tp2.com,y4azgVlC,Castonguay,Youssef,client,789,Bachand,Paspébiac,QC,CA,R0Z 5U2
fly190@tp2.com,tXSeVJqq,Poissant,Anne-sophie,client,513,Marguerite-Bourgeoys,Bois-des-Filion,QC,CA,Y5X 8Q7
sign596@tp2.com,0IQaQxw4,Harrisson,Christian,client,6,Samuel-De Champlain,Warwick,QC,CA,U4Y 7O7
lawyer736@tp2.com,PnwF7iL1,Roussy,Lea,client,516,Parc,Métabetchouan–Lac-à-la-Croix,QC,CA,V0X 0Q0
learn592@tp2.com,vtYrCp3T,Crevier,Adelie,client,586,Dosquet,Kingsey Falls,QC,CA,G9C 8O5
senior938@tp2.com,9y5B9ype,Ledoux,Ayan,client,548,Chanteclerc,Saint-Honoré,QC,CA,Z6R 8G7
analysis144@tp2.com,6cYuTuXv,Dasilva,Felix-antoine,client,106,Dakers,Témiscouata-sur-le-Lac,QC,CA,M6J 6B9
board866@tp2.com,aDNlDSti,Rochefort,Juliana,client,830,Germaine-Guèvremont,Saint-Pie,QC,CA,T3F 8G7
have462@tp2.com,00GN1Vkt,Sylvestre,Donovan,client,537,Jeux-du-Québec,Saint-Charles-Borromée,QC,CA,S7Q 5J1
attorney988@tp2.com,HA8ojK74,Berthiaume,Riyad,client,80,Balmoral,Sainte-Catherine,QC,CA,H5M 8M9
rise833@tp2.com,YXwYT9M9,Thibodeau,Layla,client,281,Bériault,Saint-Antonin,QC,CA,U9X 0T0
wide548@tp2.com,KyH1ALWy,Francoeur,Jackson,client,340,Genévrier,Saint-Jérôme,QC,CA,R0Z 2N8
race376@tp2.com,PQcRC4vV,Beaumont,Elyane,client,1017,Tourigny,Sainte-Julie,QC,CA,I9J 2F7
model717@tp2.com,8aEc78oV,Gariépy,Heidi,client,848,Coprins,Sorel-Tracy,QC,CA,O6M 2I2
name15@tp2.com,OZkoySQg,Cadieux,Romane,client,264,Laviolette,Ville-Marie,QC,CA,A9P 2G8
officer315@tp2.com,Jh1xUgkP,Lizotte,Diana,client,337,Talon,Sainte-Thérèse,QC,CA,R5O 0B5
watch758@tp2.com,vSMAAQIK,Lessard,Daphnee,client,510,Boissy,Cap-Santé,QC,CA,Y4I 8M3
whether544@tp2.com,KdfFmypQ,Brassard,Aidan,client,168,Reid,Hudson,QC,CA,Y5A 0G7
very160@tp2.com,Mcg5CM9Z,Wong,Flore,client,29,De Balboa,Lachute,QC,CA,P5A 4C6
despite67@tp2.com,Rn5XSsGV,Roy,Owen,client,650,Antoine-Manseau,Lac-Saint-Joseph,QC,CA,I6G 8O7
lawyer48@tp2.com,J15Y1Ali,Lamothe,Olive,client,846,René-Rémy,Cap-Santé,QC,CA,T3V 6H6
check722@tp2.com,FMyq2tt1,Daneau,Ismael,client,884,Pivoines,Lac-Mégantic,QC,CA,P9R 7Q0
tend627@tp2.com,twMwj7BA,Lheureux,Jordane,client,1010,Saville,Saguenay,QC,CA,X5V 1K1
good3@tp2.com,pEuEcjor,Mongrain,Zac,client,617,Malo,Lac-Brome,QC,CA,Z0O 7Y5
least937@tp2.com,dMxKQ6Fd,Séguin,Rachel,client,289,Paré,Saint-Raymond,QC,CA,A1L 7K5
according29@tp2.com,EMyiz0oY,Lacoste,Louis,client,249,Belmont,Barkmere,QC,CA,D5K 8A7
period637@tp2.com,wI0iSeQL,St-Cyr,Ghali,client,571,Vimont,Boucherville,QC,CA,I1R 6R5
career854@tp2.com,doDrFUao,Hébert,Louise,client,504,Legault,Cookshire-Eaton,QC,CA,V9U 1L5
culture360@tp2.com,GCFHaM8g,Dupont,Myla,client,1000,Renards,Boisbriand,QC,CA,D3B 8M0
program386@tp2.com,vjErZECy,Lefrançois,Nadine,client,83,Victor-Bourgeau,Sainte-Marthe-sur-le-Lac,QC,CA,H2V 8N0
event410@tp2.com,gqu6c0EA,Haché,Blake,client,392,Tournesols,Baie-D'Urfé,QC,CA,U5C 8N6
return656@tp2.com,cGfnLFdG,Croteau,Ada,client,672,Massicotte,Amqui,QC,CA,D6J 4R9
race376@tp2.com,3dJZiNz4,Léveillé,Jakob,client,323,Hémond,Macamic,QC,CA,Q3K 2F4
present290@tp2.com,5ccDe0Av,Bérubé,Jordan,client,687,Isle-de-France,Val-d'Or,QC,CA,B4E 2X1
seat246@tp2.com,tvHBjl6Z,Jomphe,Maddy,client,749,Loire,Candiac,QC,CA,F6N 7O9
trade343@tp2.com,kw8peL5Y,Cohen,Daniel,client,1006,Arran,Témiscaming,QC,CA,Q4U 4G1
team151@tp2.com,sBiaCxp7,Galarneau,Victor,client,734,Nathalie,La Sarre,QC,CA,J4M 2U4
particularly77@tp2.com,oCS5SkN4,Gouin,Felicia,client,941,Moquin,Brownsburg-Chatham,QC,CA,Z1Y 0R9
film411@tp2.com,LnHjwzZn,Lapierre,Aiden,client,464,Le Corbusier,New Richmond,QC,CA,A5M 9M8
free798@tp2.com,0NKN8wSj,Marleau,Emma-rose,client,656,Brosseau,Berthierville,QC,CA,D2S 8L1
staff859@tp2.com,KqfMYJ0W,Loyer,Robert,client,973,Aubertin,Saint-Hyacinthe,QC,CA,P2O 7Y7
bit33@tp2.com,QgLO4kha,Dulude,Rania,client,908,Pacifique-Duplessis,Saint-Joseph-de-Beauce,QC,CA,Q5H 8E4
final8@tp2.com,0ncGz5ff,Letendre,Elsie,client,883,Mère-D'Youville,Hudson,QC,CA,U0X 6Y3
thing889@tp2.com,iAJfNrBq,Bégin,Lily-rose,client,723,Terroux,Mercier,QC,CA,L5P 2Q7
trade343@tp2.com,NlYeDCLA,Williams,London,client,643,Salicaires,Acton Vale,QC,CA,N8P 0L2
while381@tp2.com,hOEpVzN5,Desrosiers,Charlie-rose,client,983,Palardy,Témiscouata-sur-le-Lac,QC,CA,W2D 0B3
leader665@tp2.com,bZGqyZDi,Marin,Maika,client,66,Jules-Roches,Westmount,QC,CA,R5Q 3K9
woman503@tp2.com,SNC3j8LB,Garon,Alexander,client,413,Savoyards,Sainte-Julie,QC,CA,B7L 7B9
type417@tp2.com,ZR8ibvFv,Vallée,Samuelle,client,913,D'Argenson,Candiac,QC,CA,C5W 2S1
total632@tp2.com,murwlazj,Garcia,Meredith,client,885,Mont-Royal,Dunham,QC,CA,X3B 2E8
determine926@tp2.com,FoRzK1ex,Giguère,Joshua,client,510,Albanel,Baie-Comeau,QC,CA,Q7L 3V7
world459@tp2.com,7IiDBiMF,Houde,Malia,client,783,La Vérendrye,Montréal,QC,CA,O4V 0I4
society353@tp2.com,R3BULYdR,Laferrière,Eden,client,769,Bellerive,Sainte-Marguerite-du-Lac-Masson,QC,CA,U8G 2P4
art607@tp2.com,YKlv2Voc,Éthier,Kira,client,818,Matte,L'Île-Dorval,QC,CA,W8Q 5E9
age123@tp2.com,DPB4a7ML,Barrette,Chloe,client,660,Brassard,Nicolet,QC,CA,G1U 0B2
simply700@tp2.com,ovlq7PUf,Chiasson,Hailey,client,723,Granville,Drummondville,QC,CA,B0A 3X1
rise394@tp2.com,tojow00o,Chrétien,Myles,client,580,Nantel,Amos,QC,CA,Z2Y 0Z0
year752@tp2.com,XxmfxZr4,Singh,Khalil,client,383,Futaie,Dolbeau-Mistassini,QC,CA,M4I 9X5
manage101@tp2.com,doDrFUao,Montreuil,Arya,client,247,Jarry,Val-des-Sources,QC,CA,T5Z 6Q4
rich701@tp2.com,ntYWuwxJ,Kaur,Eliott,client,526,Doris,Lorraine,QC,CA,A8B 0M2
century295@tp2.com,ZeOsKd9o,Dupuis,Skye,client,182,Murray,Prévost,QC,CA,E5V 6Y4
ask495@tp2.com,g1kIA4kv,Auger,Romeo,client,338,Tourterelles,Saint-Honoré,QC,CA,P5E 6Y9
firm88@tp2.com,fanRlpYY,Normandin,Kevin,client,299,Dosquet,Estérel,QC,CA,P6Y 6S0
relationship152@tp2.com,8weyfMHI,Pichette,Grayson,client,358,Joseph-Payette,Belœil,QC,CA,G1Q 1O9
which748@tp2.com,IPnYHW23,Bordeleau,Hunter,client,327,Emma,Paspébiac,QC,CA,P3I 9X0
I941@tp2.com,vfI2iSvN,Perron,Mayden,client,660,Langevin,Saint-Colomban,QC,CA,K6G 7D0
car980@tp2.com,g3FtmdwA,Péloquin,Octavia,admin,293,Frémont,Fermont,QC,CA,C9W 8A1
hospital22@tp2.com,SoYpk7y2,Lafrenière,Rose-marie,client,926,Beckett,Sainte-Marie,QC,CA,I5U 8O6
n't925@tp2.com,3MueWce8,Ferron,Stella,client,793,Viger,Saint-Marc-des-Carrières,QC,CA,C9S 2P9
prepare94@tp2.com,eDn1U4R1,Duclos,Flore,client,928,Gascogne,Chapais,QC,CA,J2S 8Q1
gas518@tp2.com,qVo7pMph,Hétu,Nicolas,client,671,Fréchette,Saint-Lazare,QC,CA,H7L 1Q4
administration376@tp2.com,8twkD2Li,Cauchon,Serena,client,579,Micheline-Beauchemin,Fermont,QC,CA,N8L 2Y0
environmental116@tp2.com,kN0Rc3MN,Duval,Malo,client,945,Miles,Sept-Îles,QC,CA,X4P 3G6
nearly339@tp2.com,KZPjFfhc,Mallette,Arno,client,328,Petit-Bois,Ville-Marie,QC,CA,N0W 0M8
friend760@tp2.com,IWVyHsZA,Desaulniers,Nellie,client,26,Meloche,Rivière-Rouge,QC,CA,T0Z 5A2
study734@tp2.com,9LpE0BUg,Vincent,Mackenzie,client,799,Bossuet,Mascouche,QC,CA,V8E 8Z3
throughout383@tp2.com,IS9RfXsr,Lahaie,Tristan,client,960,De Lavaltrie,Montmagny,QC,CA,V2V 9M8
represent133@tp2.com,pJSuqMHv,Gendron,Sofia,client,724,Bishop,Danville,QC,CA,V9W 3B8
approach454@tp2.com,Og16nSUS,Leblanc,Camilo,client,905,Murray,Dorval,QC,CA,Q8Z 2D9
crime839@tp2.com,b3VDtdYl,Lespérance,Lola,client,629,Éclaircies,Saint-Pie,QC,CA,C5W 5F4
how555@tp2.com,SEAwUkHk,Laramée,Adriano,client,239,Plante,Mont-Royal,QC,CA,J1S 7A6
free614@tp2.com,vnuAZJ7V,Lalancette,Ziad,client,548,Dosquet,Chibougamau,QC,CA,M7T 8X3
into920@tp2.com,2yRyi8Uh,Racicot,Mahdi,client,32,Maisonneuve,Daveluyville,QC,CA,H1H 6U8
cost401@tp2.com,oCS5SkN4,Normand,Emiliano,client,201,Fadets,Trois-Rivières,QC,CA,I7U 1R6
doctor329@tp2.com,KEHy0k8d,Dupéré,Elyas,client,12,Chatham,Shannon,QC,CA,A2B 9F7
those281@tp2.com,Q6lwN4RN,Chen,Tyler,client,824,Riverdale,Farnham,QC,CA,Z9Q 1S2
along706@tp2.com,vQLao88B,Hervieux,Audrey,client,278,Houde,Saint-Félicien,QC,CA,I8N 6E5
despite67@tp2.com,bIE9I2YQ,Pedneault,Norah,client,201,Renaud,Fossambault-sur-le-Lac,QC,CA,X6C 3K2
future688@tp2.com,0ncGz5ff,Thiffault,Lambert,client,75,Millington,L'Île-Perrot,QC,CA,I8C 1L8
choice785@tp2.com,aqOvKq1w,Mongeau,Willow,client,69,Robert-H.-Goddard,Lachute,QC,CA,Q3P 6O1
music430@tp2.com,Fz1XdNvT,Desrosiers,Alexandre,client,696,Roland-Marcoux,Fossambault-sur-le-Lac,QC,CA,Z3X 3H4
low490@tp2.com,BJg3vyXH,Laferrière,Wesley,client,879,D'Argenson,Sainte-Agathe-des-Monts,QC,CA,H5K 8Y8
good3@tp2.com,oXmJyHIy,Bérard,Lea,client,549,Orcades,Sainte-Anne-de-Bellevue,QC,CA,C6J 8W3
decade237@tp2.com,0NKN8wSj,Leduc,Inaya,client,178,Versailles,Marieville,QC,CA,A5S 8Y3
race376@tp2.com,tvHBjl6Z,Baribeau,Alfred,admin,830,Jean-Neveu,Bromont,QC,CA,C3M 6P2
federal200@tp2.com,idR9YWhT,Poudrier,Lewis,client,525,De Magellan,Vaudreuil-Dorion,QC,CA,U1M 0F8
campaign816@tp2.com,8JFrDzBa,Després,Antonella,admin,815,Pradier,Amos,QC,CA,J7V 3H0
according29@tp2.com,OZzAj2kg,Gaumond,Marius,client,525,Joseph-Daigneault,Beaupré,QC,CA,C2A 0G9
despite67@tp2.com,gJVMtJk1,Fecteau,Leyna,client,144,Sittelles,Kingsey Falls,QC,CA,V1I 1U7
cost401@tp2.com,hOEpVzN5,Beauchesne,Malek,client,186,Jean-Bois,Amos,QC,CA,I5A 2F9
notice759@tp2.com,zvfIFyDA,St-Germain,Zakaria,client,941,Antoine-Delauné,L'Île-Cadieux,QC,CA,J1E 4Q7
stock895@tp2.com,eAV9P6wu,Boisvert,Loic,client,1009,Morios,Métabetchouan–Lac-à-la-Croix,QC,CA,T9S 8A1
public664@tp2.com,PjDG3TIG,Dasilva,Daphne,client,197,Domaine,Lachute,QC,CA,H6A 9R5
few750@tp2.com,hhNiu9iW,Dupré,Philippe,client,123,Jardin,Neuville,QC,CA,J4C 4R6
material721@tp2.com,V6BVMZbv,Petit,Luke,client,585,Bord-de-l'Eau,Chandler,QC,CA,L9C 0Q0
four45@tp2.com,w2YKFjOS,Laurin,Gisele,client,70,Boulay,Rosemère,QC,CA,T1Q 5N5
thus870@tp2.com,VawTDnOJ,Jutras,Elisa,client,994,Pratt,Bois-des-Filion,QC,CA,X3J 9A5
